candidate_id,record_id,real,predicted,correct,score,score_kind
dummy-majority,ML-0011,SOPORTE,BIOMEDICO,False,,baseline_no_confidence
dummy-majority,ML-0012,SOPORTE,BIOMEDICO,False,,baseline_no_confidence
dummy-majority,ML-0013,SOPORTE,BIOMEDICO,False,,baseline_no_confidence
dummy-majority,ML-0014,SOPORTE,BIOMEDICO,False,,baseline_no_confidence
dummy-majority,ML-0015,SOPORTE,BIOMEDICO,False,,baseline_no_confidence
dummy-majority,ML-0016,SOPORTE,BIOMEDICO,False,,baseline_no_confidence
dummy-majority,ML-0017,SOPORTE,BIOMEDICO,False,,baseline_no_confidence
dummy-majority,ML-0018,SOPORTE,BIOMEDICO,False,,baseline_no_confidence
dummy-majority,ML-0019,SOPORTE,BIOMEDICO,False,,baseline_no_confidence
dummy-majority,ML-0020,SOPORTE,BIOMEDICO,False,,baseline_no_confidence
dummy-majority,ML-0021,SOPORTE,BIOMEDICO,False,,baseline_no_confidence
dummy-majority,ML-0022,SOPORTE,BIOMEDICO,False,,baseline_no_confidence
dummy-majority,ML-0023,SOPORTE,BIOMEDICO,False,,baseline_no_confidence
dummy-majority,ML-0024,SOPORTE,BIOMEDICO,False,,baseline_no_confidence
dummy-majority,ML-0025,SOPORTE,BIOMEDICO,False,,baseline_no_confidence
dummy-majority,ML-0026,SOPORTE,BIOMEDICO,False,,baseline_no_confidence
dummy-majority,ML-0027,SOPORTE,BIOMEDICO,False,,baseline_no_confidence
dummy-majority,ML-0028,SOPORTE,BIOMEDICO,False,,baseline_no_confidence
dummy-majority,ML-0029,SOPORTE,BIOMEDICO,False,,baseline_no_confidence
dummy-majority,ML-0030,SOPORTE,BIOMEDICO,False,,baseline_no_confidence
dummy-majority,ML-0031,SOPORTE,INFRAESTRUCTURA,False,,baseline_no_confidence
dummy-majority,ML-0032,SOPORTE,INFRAESTRUCTURA,False,,baseline_no_confidence
dummy-majority,ML-0033,SOPORTE,INFRAESTRUCTURA,False,,baseline_no_confidence
dummy-majority,ML-0034,SOPORTE,INFRAESTRUCTURA,False,,baseline_no_confidence
dummy-majority,ML-0035,SOPORTE,INFRAESTRUCTURA,False,,baseline_no_confidence
dummy-majority,ML-0036,SOPORTE,BIOMEDICO,False,,baseline_no_confidence
dummy-majority,ML-0037,SOPORTE,BIOMEDICO,False,,baseline_no_confidence
dummy-majority,ML-0038,SOPORTE,BIOMEDICO,False,,baseline_no_confidence
dummy-majority,ML-0039,SOPORTE,BIOMEDICO,False,,baseline_no_confidence
dummy-majority,ML-0040,SOPORTE,BIOMEDICO,False,,baseline_no_confidence
dummy-majority,ML-0041,SOPORTE,INFRAESTRUCTURA,False,,baseline_no_confidence
dummy-majority,ML-0042,SOPORTE,INFRAESTRUCTURA,False,,baseline_no_confidence
dummy-majority,ML-0043,SOPORTE,INFRAESTRUCTURA,False,,baseline_no_confidence
dummy-majority,ML-0044,SOPORTE,INFRAESTRUCTURA,False,,baseline_no_confidence
dummy-majority,ML-0045,SOPORTE,INFRAESTRUCTURA,False,,baseline_no_confidence
dummy-majority,ML-0046,SOPORTE,BIOMEDICO,False,,baseline_no_confidence
dummy-majority,ML-0047,SOPORTE,BIOMEDICO,False,,baseline_no_confidence
dummy-majority,ML-0048,SOPORTE,BIOMEDICO,False,,baseline_no_confidence
dummy-majority,ML-0049,SOPORTE,BIOMEDICO,False,,baseline_no_confidence
dummy-majority,ML-0050,SOPORTE,BIOMEDICO,False,,baseline_no_confidence
dummy-majority,ML-0051,REDES,BIOMEDICO,False,,baseline_no_confidence
dummy-majority,ML-0052,REDES,BIOMEDICO,False,,baseline_no_confidence
dummy-majority,ML-0053,REDES,BIOMEDICO,False,,baseline_no_confidence
dummy-majority,ML-0054,REDES,BIOMEDICO,False,,baseline_no_confidence
dummy-majority,ML-0055,REDES,BIOMEDICO,False,,baseline_no_confidence
dummy-majority,ML-0061,REDES,INFRAESTRUCTURA,False,,baseline_no_confidence
dummy-majority,ML-0062,REDES,INFRAESTRUCTURA,False,,baseline_no_confidence
dummy-majority,ML-0063,REDES,INFRAESTRUCTURA,False,,baseline_no_confidence
dummy-majority,ML-0064,REDES,INFRAESTRUCTURA,False,,baseline_no_confidence
dummy-majority,ML-0065,REDES,INFRAESTRUCTURA,False,,baseline_no_confidence
dummy-majority,ML-0066,REDES,BIOMEDICO,False,,baseline_no_confidence
dummy-majority,ML-0067,REDES,BIOMEDICO,False,,baseline_no_confidence
dummy-majority,ML-0068,REDES,BIOMEDICO,False,,baseline_no_confidence
dummy-majority,ML-0069,REDES,BIOMEDICO,False,,baseline_no_confidence
dummy-majority,ML-0070,REDES,BIOMEDICO,False,,baseline_no_confidence
dummy-majority,ML-0071,REDES,BIOMEDICO,False,,baseline_no_confidence
dummy-majority,ML-0072,REDES,BIOMEDICO,False,,baseline_no_confidence
dummy-majority,ML-0073,REDES,BIOMEDICO,False,,baseline_no_confidence
dummy-majority,ML-0074,REDES,BIOMEDICO,False,,baseline_no_confidence
dummy-majority,ML-0075,REDES,BIOMEDICO,False,,baseline_no_confidence
dummy-majority,ML-0076,REDES,INFRAESTRUCTURA,False,,baseline_no_confidence
dummy-majority,ML-0077,REDES,INFRAESTRUCTURA,False,,baseline_no_confidence
dummy-majority,ML-0078,REDES,INFRAESTRUCTURA,False,,baseline_no_confidence
dummy-majority,ML-0079,REDES,INFRAESTRUCTURA,False,,baseline_no_confidence
dummy-majority,ML-0080,REDES,INFRAESTRUCTURA,False,,baseline_no_confidence
dummy-majority,ML-0081,REDES,BIOMEDICO,False,,baseline_no_confidence
dummy-majority,ML-0082,REDES,BIOMEDICO,False,,baseline_no_confidence
dummy-majority,ML-0083,REDES,BIOMEDICO,False,,baseline_no_confidence
dummy-majority,ML-0084,REDES,BIOMEDICO,False,,baseline_no_confidence
dummy-majority,ML-0085,REDES,BIOMEDICO,False,,baseline_no_confidence
dummy-majority,ML-0091,REDES,BIOMEDICO,False,,baseline_no_confidence
dummy-majority,ML-0092,REDES,BIOMEDICO,False,,baseline_no_confidence
dummy-majority,ML-0093,REDES,BIOMEDICO,False,,baseline_no_confidence
dummy-majority,ML-0094,REDES,BIOMEDICO,False,,baseline_no_confidence
dummy-majority,ML-0095,REDES,BIOMEDICO,False,,baseline_no_confidence
dummy-majority,ML-0096,REDES,BIOMEDICO,False,,baseline_no_confidence
dummy-majority,ML-0097,REDES,BIOMEDICO,False,,baseline_no_confidence
dummy-majority,ML-0098,REDES,BIOMEDICO,False,,baseline_no_confidence
dummy-majority,ML-0099,REDES,BIOMEDICO,False,,baseline_no_confidence
dummy-majority,ML-0100,REDES,BIOMEDICO,False,,baseline_no_confidence
dummy-majority,ML-0101,INFRAESTRUCTURA,BIOMEDICO,False,,baseline_no_confidence
dummy-majority,ML-0102,INFRAESTRUCTURA,BIOMEDICO,False,,baseline_no_confidence
dummy-majority,ML-0103,INFRAESTRUCTURA,BIOMEDICO,False,,baseline_no_confidence
dummy-majority,ML-0104,INFRAESTRUCTURA,BIOMEDICO,False,,baseline_no_confidence
dummy-majority,ML-0105,INFRAESTRUCTURA,BIOMEDICO,False,,baseline_no_confidence
dummy-majority,ML-0106,INFRAESTRUCTURA,INFRAESTRUCTURA,True,,baseline_no_confidence
dummy-majority,ML-0107,INFRAESTRUCTURA,INFRAESTRUCTURA,True,,baseline_no_confidence
dummy-majority,ML-0108,INFRAESTRUCTURA,INFRAESTRUCTURA,True,,baseline_no_confidence
dummy-majority,ML-0109,INFRAESTRUCTURA,INFRAESTRUCTURA,True,,baseline_no_confidence
dummy-majority,ML-0110,INFRAESTRUCTURA,INFRAESTRUCTURA,True,,baseline_no_confidence
dummy-majority,ML-0116,INFRAESTRUCTURA,BIOMEDICO,False,,baseline_no_confidence
dummy-majority,ML-0117,INFRAESTRUCTURA,BIOMEDICO,False,,baseline_no_confidence
dummy-majority,ML-0118,INFRAESTRUCTURA,BIOMEDICO,False,,baseline_no_confidence
dummy-majority,ML-0119,INFRAESTRUCTURA,BIOMEDICO,False,,baseline_no_confidence
dummy-majority,ML-0120,INFRAESTRUCTURA,BIOMEDICO,False,,baseline_no_confidence
dummy-majority,ML-0121,INFRAESTRUCTURA,BIOMEDICO,False,,baseline_no_confidence
dummy-majority,ML-0122,INFRAESTRUCTURA,BIOMEDICO,False,,baseline_no_confidence
dummy-majority,ML-0123,INFRAESTRUCTURA,BIOMEDICO,False,,baseline_no_confidence
dummy-majority,ML-0124,INFRAESTRUCTURA,BIOMEDICO,False,,baseline_no_confidence
dummy-majority,ML-0125,INFRAESTRUCTURA,BIOMEDICO,False,,baseline_no_confidence
dummy-majority,ML-0131,INFRAESTRUCTURA,BIOMEDICO,False,,baseline_no_confidence
dummy-majority,ML-0132,INFRAESTRUCTURA,BIOMEDICO,False,,baseline_no_confidence
dummy-majority,ML-0133,INFRAESTRUCTURA,BIOMEDICO,False,,baseline_no_confidence
dummy-majority,ML-0134,INFRAESTRUCTURA,BIOMEDICO,False,,baseline_no_confidence
dummy-majority,ML-0135,INFRAESTRUCTURA,BIOMEDICO,False,,baseline_no_confidence
dummy-majority,ML-0136,INFRAESTRUCTURA,BIOMEDICO,False,,baseline_no_confidence
dummy-majority,ML-0137,INFRAESTRUCTURA,BIOMEDICO,False,,baseline_no_confidence
dummy-majority,ML-0138,INFRAESTRUCTURA,BIOMEDICO,False,,baseline_no_confidence
dummy-majority,ML-0139,INFRAESTRUCTURA,BIOMEDICO,False,,baseline_no_confidence
dummy-majority,ML-0140,INFRAESTRUCTURA,BIOMEDICO,False,,baseline_no_confidence
dummy-majority,ML-0141,INFRAESTRUCTURA,BIOMEDICO,False,,baseline_no_confidence
dummy-majority,ML-0142,INFRAESTRUCTURA,BIOMEDICO,False,,baseline_no_confidence
dummy-majority,ML-0143,INFRAESTRUCTURA,BIOMEDICO,False,,baseline_no_confidence
dummy-majority,ML-0144,INFRAESTRUCTURA,BIOMEDICO,False,,baseline_no_confidence
dummy-majority,ML-0145,INFRAESTRUCTURA,BIOMEDICO,False,,baseline_no_confidence
dummy-majority,ML-0146,INFRAESTRUCTURA,BIOMEDICO,False,,baseline_no_confidence
dummy-majority,ML-0147,INFRAESTRUCTURA,BIOMEDICO,False,,baseline_no_confidence
dummy-majority,ML-0148,INFRAESTRUCTURA,BIOMEDICO,False,,baseline_no_confidence
dummy-majority,ML-0149,INFRAESTRUCTURA,BIOMEDICO,False,,baseline_no_confidence
dummy-majority,ML-0150,INFRAESTRUCTURA,BIOMEDICO,False,,baseline_no_confidence
dummy-majority,ML-0151,BIOMEDICO,INFRAESTRUCTURA,False,,baseline_no_confidence
dummy-majority,ML-0152,BIOMEDICO,INFRAESTRUCTURA,False,,baseline_no_confidence
dummy-majority,ML-0153,BIOMEDICO,INFRAESTRUCTURA,False,,baseline_no_confidence
dummy-majority,ML-0154,BIOMEDICO,INFRAESTRUCTURA,False,,baseline_no_confidence
dummy-majority,ML-0155,BIOMEDICO,INFRAESTRUCTURA,False,,baseline_no_confidence
dummy-majority,ML-0156,BIOMEDICO,BIOMEDICO,True,,baseline_no_confidence
dummy-majority,ML-0157,BIOMEDICO,BIOMEDICO,True,,baseline_no_confidence
dummy-majority,ML-0158,BIOMEDICO,BIOMEDICO,True,,baseline_no_confidence
dummy-majority,ML-0159,BIOMEDICO,BIOMEDICO,True,,baseline_no_confidence
dummy-majority,ML-0160,BIOMEDICO,BIOMEDICO,True,,baseline_no_confidence
dummy-majority,ML-0161,BIOMEDICO,INFRAESTRUCTURA,False,,baseline_no_confidence
dummy-majority,ML-0162,BIOMEDICO,INFRAESTRUCTURA,False,,baseline_no_confidence
dummy-majority,ML-0163,BIOMEDICO,INFRAESTRUCTURA,False,,baseline_no_confidence
dummy-majority,ML-0164,BIOMEDICO,INFRAESTRUCTURA,False,,baseline_no_confidence
dummy-majority,ML-0165,BIOMEDICO,INFRAESTRUCTURA,False,,baseline_no_confidence
dummy-majority,ML-0171,BIOMEDICO,BIOMEDICO,True,,baseline_no_confidence
dummy-majority,ML-0172,BIOMEDICO,BIOMEDICO,True,,baseline_no_confidence
dummy-majority,ML-0173,BIOMEDICO,BIOMEDICO,True,,baseline_no_confidence
dummy-majority,ML-0174,BIOMEDICO,BIOMEDICO,True,,baseline_no_confidence
dummy-majority,ML-0175,BIOMEDICO,BIOMEDICO,True,,baseline_no_confidence
dummy-majority,ML-0176,BIOMEDICO,BIOMEDICO,True,,baseline_no_confidence
dummy-majority,ML-0177,BIOMEDICO,BIOMEDICO,True,,baseline_no_confidence
dummy-majority,ML-0178,BIOMEDICO,BIOMEDICO,True,,baseline_no_confidence
dummy-majority,ML-0179,BIOMEDICO,BIOMEDICO,True,,baseline_no_confidence
dummy-majority,ML-0180,BIOMEDICO,BIOMEDICO,True,,baseline_no_confidence
dummy-majority,ML-0181,BIOMEDICO,BIOMEDICO,True,,baseline_no_confidence
dummy-majority,ML-0182,BIOMEDICO,BIOMEDICO,True,,baseline_no_confidence
dummy-majority,ML-0183,BIOMEDICO,BIOMEDICO,True,,baseline_no_confidence
dummy-majority,ML-0184,BIOMEDICO,BIOMEDICO,True,,baseline_no_confidence
dummy-majority,ML-0185,BIOMEDICO,BIOMEDICO,True,,baseline_no_confidence
dummy-majority,ML-0191,BIOMEDICO,INFRAESTRUCTURA,False,,baseline_no_confidence
dummy-majority,ML-0192,BIOMEDICO,INFRAESTRUCTURA,False,,baseline_no_confidence
dummy-majority,ML-0193,BIOMEDICO,INFRAESTRUCTURA,False,,baseline_no_confidence
dummy-majority,ML-0194,BIOMEDICO,INFRAESTRUCTURA,False,,baseline_no_confidence
dummy-majority,ML-0195,BIOMEDICO,INFRAESTRUCTURA,False,,baseline_no_confidence
dummy-majority,ML-0196,BIOMEDICO,INFRAESTRUCTURA,False,,baseline_no_confidence
dummy-majority,ML-0197,BIOMEDICO,INFRAESTRUCTURA,False,,baseline_no_confidence
dummy-majority,ML-0198,BIOMEDICO,INFRAESTRUCTURA,False,,baseline_no_confidence
dummy-majority,ML-0199,BIOMEDICO,INFRAESTRUCTURA,False,,baseline_no_confidence
dummy-majority,ML-0200,BIOMEDICO,INFRAESTRUCTURA,False,,baseline_no_confidence
logreg-c1,ML-0011,SOPORTE,SOPORTE,True,0.42176316432710853,uncalibrated_probability
logreg-c1,ML-0012,SOPORTE,SOPORTE,True,0.36416790147091066,uncalibrated_probability
logreg-c1,ML-0013,SOPORTE,SOPORTE,True,0.4483831014554751,uncalibrated_probability
logreg-c1,ML-0014,SOPORTE,SOPORTE,True,0.40521679462650984,uncalibrated_probability
logreg-c1,ML-0015,SOPORTE,SOPORTE,True,0.3394176109301027,uncalibrated_probability
logreg-c1,ML-0016,SOPORTE,SOPORTE,True,0.4618888050078302,uncalibrated_probability
logreg-c1,ML-0017,SOPORTE,SOPORTE,True,0.3339946303637969,uncalibrated_probability
logreg-c1,ML-0018,SOPORTE,SOPORTE,True,0.4626289184214397,uncalibrated_probability
logreg-c1,ML-0019,SOPORTE,SOPORTE,True,0.40992838513703717,uncalibrated_probability
logreg-c1,ML-0020,SOPORTE,SOPORTE,True,0.4336278012662082,uncalibrated_probability
logreg-c1,ML-0021,SOPORTE,SOPORTE,True,0.33749793334058903,uncalibrated_probability
logreg-c1,ML-0022,SOPORTE,REDES,False,0.4295630791325451,uncalibrated_probability
logreg-c1,ML-0023,SOPORTE,REDES,False,0.5231091834831969,uncalibrated_probability
logreg-c1,ML-0024,SOPORTE,REDES,False,0.35111505602141935,uncalibrated_probability
logreg-c1,ML-0025,SOPORTE,BIOMEDICO,False,0.28763476455435,uncalibrated_probability
logreg-c1,ML-0026,SOPORTE,SOPORTE,True,0.3307831688079302,uncalibrated_probability
logreg-c1,ML-0027,SOPORTE,SOPORTE,True,0.49541316892639775,uncalibrated_probability
logreg-c1,ML-0028,SOPORTE,SOPORTE,True,0.49226691731251926,uncalibrated_probability
logreg-c1,ML-0029,SOPORTE,SOPORTE,True,0.3890966786921036,uncalibrated_probability
logreg-c1,ML-0030,SOPORTE,SOPORTE,True,0.3700204492685091,uncalibrated_probability
logreg-c1,ML-0031,SOPORTE,SOPORTE,True,0.41810349222223897,uncalibrated_probability
logreg-c1,ML-0032,SOPORTE,SOPORTE,True,0.42327156979456276,uncalibrated_probability
logreg-c1,ML-0033,SOPORTE,SOPORTE,True,0.5576805885964853,uncalibrated_probability
logreg-c1,ML-0034,SOPORTE,SOPORTE,True,0.5396390977132158,uncalibrated_probability
logreg-c1,ML-0035,SOPORTE,SOPORTE,True,0.49591455268537676,uncalibrated_probability
logreg-c1,ML-0036,SOPORTE,SOPORTE,True,0.38821703054521695,uncalibrated_probability
logreg-c1,ML-0037,SOPORTE,SOPORTE,True,0.47133528519518686,uncalibrated_probability
logreg-c1,ML-0038,SOPORTE,SOPORTE,True,0.2911090793258929,uncalibrated_probability
logreg-c1,ML-0039,SOPORTE,SOPORTE,True,0.43362055485397505,uncalibrated_probability
logreg-c1,ML-0040,SOPORTE,SOPORTE,True,0.4243532192986353,uncalibrated_probability
logreg-c1,ML-0041,SOPORTE,SOPORTE,True,0.3994561773153996,uncalibrated_probability
logreg-c1,ML-0042,SOPORTE,SOPORTE,True,0.3220350214364265,uncalibrated_probability
logreg-c1,ML-0043,SOPORTE,SOPORTE,True,0.3714314717340751,uncalibrated_probability
logreg-c1,ML-0044,SOPORTE,REDES,False,0.38293165206667396,uncalibrated_probability
logreg-c1,ML-0045,SOPORTE,SOPORTE,True,0.3984471337154131,uncalibrated_probability
logreg-c1,ML-0046,SOPORTE,SOPORTE,True,0.38579675208742564,uncalibrated_probability
logreg-c1,ML-0047,SOPORTE,SOPORTE,True,0.34235445668013087,uncalibrated_probability
logreg-c1,ML-0048,SOPORTE,SOPORTE,True,0.5148435184271108,uncalibrated_probability
logreg-c1,ML-0049,SOPORTE,SOPORTE,True,0.3568119628816967,uncalibrated_probability
logreg-c1,ML-0050,SOPORTE,SOPORTE,True,0.4064742270330889,uncalibrated_probability
logreg-c1,ML-0051,REDES,REDES,True,0.35233999501482804,uncalibrated_probability
logreg-c1,ML-0052,REDES,REDES,True,0.42949451358299195,uncalibrated_probability
logreg-c1,ML-0053,REDES,REDES,True,0.4481913822364377,uncalibrated_probability
logreg-c1,ML-0054,REDES,REDES,True,0.3580996179120835,uncalibrated_probability
logreg-c1,ML-0055,REDES,REDES,True,0.33725095609745004,uncalibrated_probability
logreg-c1,ML-0061,REDES,REDES,True,0.43666813122936593,uncalibrated_probability
logreg-c1,ML-0062,REDES,SOPORTE,False,0.36028798858682043,uncalibrated_probability
logreg-c1,ML-0063,REDES,REDES,True,0.47009355599119634,uncalibrated_probability
logreg-c1,ML-0064,REDES,INFRAESTRUCTURA,False,0.3309122452950808,uncalibrated_probability
logreg-c1,ML-0065,REDES,SOPORTE,False,0.2912652429683841,uncalibrated_probability
logreg-c1,ML-0066,REDES,REDES,True,0.4004608837737449,uncalibrated_probability
logreg-c1,ML-0067,REDES,REDES,True,0.6004263114136743,uncalibrated_probability
logreg-c1,ML-0068,REDES,REDES,True,0.48359053506700184,uncalibrated_probability
logreg-c1,ML-0069,REDES,REDES,True,0.5242778360880447,uncalibrated_probability
logreg-c1,ML-0070,REDES,REDES,True,0.5313185165925026,uncalibrated_probability
logreg-c1,ML-0071,REDES,REDES,True,0.5789921084833607,uncalibrated_probability
logreg-c1,ML-0072,REDES,REDES,True,0.3430894716775539,uncalibrated_probability
logreg-c1,ML-0073,REDES,REDES,True,0.4561423098922634,uncalibrated_probability
logreg-c1,ML-0074,REDES,REDES,True,0.6015619960635714,uncalibrated_probability
logreg-c1,ML-0075,REDES,REDES,True,0.42288809557792056,uncalibrated_probability
logreg-c1,ML-0076,REDES,REDES,True,0.4927064222789961,uncalibrated_probability
logreg-c1,ML-0077,REDES,REDES,True,0.6024220095962068,uncalibrated_probability
logreg-c1,ML-0078,REDES,REDES,True,0.4923314961106411,uncalibrated_probability
logreg-c1,ML-0079,REDES,REDES,True,0.5030345804254579,uncalibrated_probability
logreg-c1,ML-0080,REDES,REDES,True,0.5663674509759067,uncalibrated_probability
logreg-c1,ML-0081,REDES,REDES,True,0.42050595147626674,uncalibrated_probability
logreg-c1,ML-0082,REDES,REDES,True,0.4680155950167697,uncalibrated_probability
logreg-c1,ML-0083,REDES,REDES,True,0.38171789918179916,uncalibrated_probability
logreg-c1,ML-0084,REDES,REDES,True,0.39435387711967546,uncalibrated_probability
logreg-c1,ML-0085,REDES,REDES,True,0.5286079902729801,uncalibrated_probability
logreg-c1,ML-0091,REDES,REDES,True,0.4205129237598449,uncalibrated_probability
logreg-c1,ML-0092,REDES,REDES,True,0.5461541443041319,uncalibrated_probability
logreg-c1,ML-0093,REDES,REDES,True,0.4044569121774859,uncalibrated_probability
logreg-c1,ML-0094,REDES,REDES,True,0.6370163681877722,uncalibrated_probability
logreg-c1,ML-0095,REDES,REDES,True,0.5422120188626114,uncalibrated_probability
logreg-c1,ML-0096,REDES,REDES,True,0.42308812536079504,uncalibrated_probability
logreg-c1,ML-0097,REDES,REDES,True,0.3739920103233091,uncalibrated_probability
logreg-c1,ML-0098,REDES,REDES,True,0.3700953888812918,uncalibrated_probability
logreg-c1,ML-0099,REDES,REDES,True,0.4018017001586404,uncalibrated_probability
logreg-c1,ML-0100,REDES,REDES,True,0.5162360511221558,uncalibrated_probability
logreg-c1,ML-0101,INFRAESTRUCTURA,INFRAESTRUCTURA,True,0.31668065443429455,uncalibrated_probability
logreg-c1,ML-0102,INFRAESTRUCTURA,BIOMEDICO,False,0.3368244331987481,uncalibrated_probability
logreg-c1,ML-0103,INFRAESTRUCTURA,INFRAESTRUCTURA,True,0.4108334952454483,uncalibrated_probability
logreg-c1,ML-0104,INFRAESTRUCTURA,INFRAESTRUCTURA,True,0.4415435211266719,uncalibrated_probability
logreg-c1,ML-0105,INFRAESTRUCTURA,INFRAESTRUCTURA,True,0.4162445896565712,uncalibrated_probability
logreg-c1,ML-0106,INFRAESTRUCTURA,INFRAESTRUCTURA,True,0.5710964187045063,uncalibrated_probability
logreg-c1,ML-0107,INFRAESTRUCTURA,INFRAESTRUCTURA,True,0.4248551054677797,uncalibrated_probability
logreg-c1,ML-0108,INFRAESTRUCTURA,INFRAESTRUCTURA,True,0.5102788440006027,uncalibrated_probability
logreg-c1,ML-0109,INFRAESTRUCTURA,INFRAESTRUCTURA,True,0.5996295219600368,uncalibrated_probability
logreg-c1,ML-0110,INFRAESTRUCTURA,INFRAESTRUCTURA,True,0.40813909866299874,uncalibrated_probability
logreg-c1,ML-0116,INFRAESTRUCTURA,INFRAESTRUCTURA,True,0.3866618018846196,uncalibrated_probability
logreg-c1,ML-0117,INFRAESTRUCTURA,INFRAESTRUCTURA,True,0.3958336355754315,uncalibrated_probability
logreg-c1,ML-0118,INFRAESTRUCTURA,INFRAESTRUCTURA,True,0.3296229622922778,uncalibrated_probability
logreg-c1,ML-0119,INFRAESTRUCTURA,INFRAESTRUCTURA,True,0.3198807314467053,uncalibrated_probability
logreg-c1,ML-0120,INFRAESTRUCTURA,BIOMEDICO,False,0.29763910987304193,uncalibrated_probability
logreg-c1,ML-0121,INFRAESTRUCTURA,INFRAESTRUCTURA,True,0.43498213472195807,uncalibrated_probability
logreg-c1,ML-0122,INFRAESTRUCTURA,INFRAESTRUCTURA,True,0.39693859017740146,uncalibrated_probability
logreg-c1,ML-0123,INFRAESTRUCTURA,INFRAESTRUCTURA,True,0.49980858137366696,uncalibrated_probability
logreg-c1,ML-0124,INFRAESTRUCTURA,INFRAESTRUCTURA,True,0.5264155488100499,uncalibrated_probability
logreg-c1,ML-0125,INFRAESTRUCTURA,INFRAESTRUCTURA,True,0.4405509452421137,uncalibrated_probability
logreg-c1,ML-0131,INFRAESTRUCTURA,INFRAESTRUCTURA,True,0.537688005975651,uncalibrated_probability
logreg-c1,ML-0132,INFRAESTRUCTURA,INFRAESTRUCTURA,True,0.30447695517957835,uncalibrated_probability
logreg-c1,ML-0133,INFRAESTRUCTURA,INFRAESTRUCTURA,True,0.5018939973583042,uncalibrated_probability
logreg-c1,ML-0134,INFRAESTRUCTURA,INFRAESTRUCTURA,True,0.4424040390031858,uncalibrated_probability
logreg-c1,ML-0135,INFRAESTRUCTURA,INFRAESTRUCTURA,True,0.3858036022903481,uncalibrated_probability
logreg-c1,ML-0136,INFRAESTRUCTURA,INFRAESTRUCTURA,True,0.5118693753837785,uncalibrated_probability
logreg-c1,ML-0137,INFRAESTRUCTURA,INFRAESTRUCTURA,True,0.4139190077729101,uncalibrated_probability
logreg-c1,ML-0138,INFRAESTRUCTURA,INFRAESTRUCTURA,True,0.38255819598600205,uncalibrated_probability
logreg-c1,ML-0139,INFRAESTRUCTURA,INFRAESTRUCTURA,True,0.6182680033465455,uncalibrated_probability
logreg-c1,ML-0140,INFRAESTRUCTURA,INFRAESTRUCTURA,True,0.33747681454753176,uncalibrated_probability
logreg-c1,ML-0141,INFRAESTRUCTURA,INFRAESTRUCTURA,True,0.46137795507429324,uncalibrated_probability
logreg-c1,ML-0142,INFRAESTRUCTURA,INFRAESTRUCTURA,True,0.28034182303855404,uncalibrated_probability
logreg-c1,ML-0143,INFRAESTRUCTURA,INFRAESTRUCTURA,True,0.40862149646594026,uncalibrated_probability
logreg-c1,ML-0144,INFRAESTRUCTURA,INFRAESTRUCTURA,True,0.40372823947013686,uncalibrated_probability
logreg-c1,ML-0145,INFRAESTRUCTURA,BIOMEDICO,False,0.3680399970229192,uncalibrated_probability
logreg-c1,ML-0146,INFRAESTRUCTURA,INFRAESTRUCTURA,True,0.4430415238706705,uncalibrated_probability
logreg-c1,ML-0147,INFRAESTRUCTURA,INFRAESTRUCTURA,True,0.4568503602266053,uncalibrated_probability
logreg-c1,ML-0148,INFRAESTRUCTURA,INFRAESTRUCTURA,True,0.45077256300048635,uncalibrated_probability
logreg-c1,ML-0149,INFRAESTRUCTURA,INFRAESTRUCTURA,True,0.5217115094015295,uncalibrated_probability
logreg-c1,ML-0150,INFRAESTRUCTURA,INFRAESTRUCTURA,True,0.5215572635687926,uncalibrated_probability
logreg-c1,ML-0151,BIOMEDICO,SOPORTE,False,0.4189707892240912,uncalibrated_probability
logreg-c1,ML-0152,BIOMEDICO,SOPORTE,False,0.30980932061008365,uncalibrated_probability
logreg-c1,ML-0153,BIOMEDICO,SOPORTE,False,0.45729951985487133,uncalibrated_probability
logreg-c1,ML-0154,BIOMEDICO,SOPORTE,False,0.3233022613206942,uncalibrated_probability
logreg-c1,ML-0155,BIOMEDICO,SOPORTE,False,0.4023084652588296,uncalibrated_probability
logreg-c1,ML-0156,BIOMEDICO,BIOMEDICO,True,0.38666821293311004,uncalibrated_probability
logreg-c1,ML-0157,BIOMEDICO,INFRAESTRUCTURA,False,0.29882226751036844,uncalibrated_probability
logreg-c1,ML-0158,BIOMEDICO,BIOMEDICO,True,0.3270597808539128,uncalibrated_probability
logreg-c1,ML-0159,BIOMEDICO,BIOMEDICO,True,0.50135255008475,uncalibrated_probability
logreg-c1,ML-0160,BIOMEDICO,BIOMEDICO,True,0.44184417346849747,uncalibrated_probability
logreg-c1,ML-0161,BIOMEDICO,REDES,False,0.30920504673393007,uncalibrated_probability
logreg-c1,ML-0162,BIOMEDICO,INFRAESTRUCTURA,False,0.3189271142098858,uncalibrated_probability
logreg-c1,ML-0163,BIOMEDICO,INFRAESTRUCTURA,False,0.312756632716464,uncalibrated_probability
logreg-c1,ML-0164,BIOMEDICO,SOPORTE,False,0.28839482288293533,uncalibrated_probability
logreg-c1,ML-0165,BIOMEDICO,BIOMEDICO,True,0.26523793211686447,uncalibrated_probability
logreg-c1,ML-0171,BIOMEDICO,BIOMEDICO,True,0.4086307490636251,uncalibrated_probability
logreg-c1,ML-0172,BIOMEDICO,BIOMEDICO,True,0.29525002466483957,uncalibrated_probability
logreg-c1,ML-0173,BIOMEDICO,INFRAESTRUCTURA,False,0.3052070709895665,uncalibrated_probability
logreg-c1,ML-0174,BIOMEDICO,BIOMEDICO,True,0.35909438133089516,uncalibrated_probability
logreg-c1,ML-0175,BIOMEDICO,INFRAESTRUCTURA,False,0.2821355760138801,uncalibrated_probability
logreg-c1,ML-0176,BIOMEDICO,BIOMEDICO,True,0.44458679076598245,uncalibrated_probability
logreg-c1,ML-0177,BIOMEDICO,BIOMEDICO,True,0.43467468131889486,uncalibrated_probability
logreg-c1,ML-0178,BIOMEDICO,BIOMEDICO,True,0.4693448137705443,uncalibrated_probability
logreg-c1,ML-0179,BIOMEDICO,BIOMEDICO,True,0.5617613996483795,uncalibrated_probability
logreg-c1,ML-0180,BIOMEDICO,BIOMEDICO,True,0.47237838354877154,uncalibrated_probability
logreg-c1,ML-0181,BIOMEDICO,BIOMEDICO,True,0.40769370059535454,uncalibrated_probability
logreg-c1,ML-0182,BIOMEDICO,BIOMEDICO,True,0.3377525000708119,uncalibrated_probability
logreg-c1,ML-0183,BIOMEDICO,SOPORTE,False,0.3506994017841481,uncalibrated_probability
logreg-c1,ML-0184,BIOMEDICO,BIOMEDICO,True,0.4413547741264343,uncalibrated_probability
logreg-c1,ML-0185,BIOMEDICO,BIOMEDICO,True,0.3283215260141034,uncalibrated_probability
logreg-c1,ML-0191,BIOMEDICO,INFRAESTRUCTURA,False,0.2940500577863991,uncalibrated_probability
logreg-c1,ML-0192,BIOMEDICO,BIOMEDICO,True,0.3376201580675275,uncalibrated_probability
logreg-c1,ML-0193,BIOMEDICO,INFRAESTRUCTURA,False,0.35503213648615484,uncalibrated_probability
logreg-c1,ML-0194,BIOMEDICO,INFRAESTRUCTURA,False,0.34287098626823637,uncalibrated_probability
logreg-c1,ML-0195,BIOMEDICO,INFRAESTRUCTURA,False,0.31445269040474744,uncalibrated_probability
logreg-c1,ML-0196,BIOMEDICO,SOPORTE,False,0.3984033089829076,uncalibrated_probability
logreg-c1,ML-0197,BIOMEDICO,BIOMEDICO,True,0.2910259004606083,uncalibrated_probability
logreg-c1,ML-0198,BIOMEDICO,BIOMEDICO,True,0.2985191615078041,uncalibrated_probability
logreg-c1,ML-0199,BIOMEDICO,SOPORTE,False,0.3585529260650766,uncalibrated_probability
logreg-c1,ML-0200,BIOMEDICO,SOPORTE,False,0.2863239243224054,uncalibrated_probability
logreg-c4,ML-0011,SOPORTE,SOPORTE,True,0.5353332945367295,uncalibrated_probability
logreg-c4,ML-0012,SOPORTE,SOPORTE,True,0.46249002278228724,uncalibrated_probability
logreg-c4,ML-0013,SOPORTE,SOPORTE,True,0.5832107789188834,uncalibrated_probability
logreg-c4,ML-0014,SOPORTE,SOPORTE,True,0.5205479293830341,uncalibrated_probability
logreg-c4,ML-0015,SOPORTE,SOPORTE,True,0.39773719888565723,uncalibrated_probability
logreg-c4,ML-0016,SOPORTE,SOPORTE,True,0.6092181717188991,uncalibrated_probability
logreg-c4,ML-0017,SOPORTE,SOPORTE,True,0.38819625521871254,uncalibrated_probability
logreg-c4,ML-0018,SOPORTE,SOPORTE,True,0.6124241475959512,uncalibrated_probability
logreg-c4,ML-0019,SOPORTE,SOPORTE,True,0.5326357415879994,uncalibrated_probability
logreg-c4,ML-0020,SOPORTE,SOPORTE,True,0.563415659206875,uncalibrated_probability
logreg-c4,ML-0021,SOPORTE,SOPORTE,True,0.4015568777505579,uncalibrated_probability
logreg-c4,ML-0022,SOPORTE,REDES,False,0.5557664631852929,uncalibrated_probability
logreg-c4,ML-0023,SOPORTE,REDES,False,0.6987196156125026,uncalibrated_probability
logreg-c4,ML-0024,SOPORTE,SOPORTE,True,0.41217485194877257,uncalibrated_probability
logreg-c4,ML-0025,SOPORTE,SOPORTE,True,0.31809518936232195,uncalibrated_probability
logreg-c4,ML-0026,SOPORTE,SOPORTE,True,0.37274532758467227,uncalibrated_probability
logreg-c4,ML-0027,SOPORTE,SOPORTE,True,0.6511399323498654,uncalibrated_probability
logreg-c4,ML-0028,SOPORTE,SOPORTE,True,0.6529566469825098,uncalibrated_probability
logreg-c4,ML-0029,SOPORTE,SOPORTE,True,0.465912559353138,uncalibrated_probability
logreg-c4,ML-0030,SOPORTE,SOPORTE,True,0.44953000724648656,uncalibrated_probability
logreg-c4,ML-0031,SOPORTE,SOPORTE,True,0.528539307321883,uncalibrated_probability
logreg-c4,ML-0032,SOPORTE,SOPORTE,True,0.5380816681418614,uncalibrated_probability
logreg-c4,ML-0033,SOPORTE,SOPORTE,True,0.7385023965788641,uncalibrated_probability
logreg-c4,ML-0034,SOPORTE,SOPORTE,True,0.7124902010963416,uncalibrated_probability
logreg-c4,ML-0035,SOPORTE,SOPORTE,True,0.6413380557352638,uncalibrated_probability
logreg-c4,ML-0036,SOPORTE,SOPORTE,True,0.4804285562586687,uncalibrated_probability
logreg-c4,ML-0037,SOPORTE,SOPORTE,True,0.6204466905292325,uncalibrated_probability
logreg-c4,ML-0038,SOPORTE,SOPORTE,True,0.31710871529672524,uncalibrated_probability
logreg-c4,ML-0039,SOPORTE,SOPORTE,True,0.5652788951149271,uncalibrated_probability
logreg-c4,ML-0040,SOPORTE,SOPORTE,True,0.5518919547292463,uncalibrated_probability
logreg-c4,ML-0041,SOPORTE,SOPORTE,True,0.48706692291347,uncalibrated_probability
logreg-c4,ML-0042,SOPORTE,SOPORTE,True,0.36674953804473087,uncalibrated_probability
logreg-c4,ML-0043,SOPORTE,SOPORTE,True,0.4474173460867351,uncalibrated_probability
logreg-c4,ML-0044,SOPORTE,REDES,False,0.45515001212234063,uncalibrated_probability
logreg-c4,ML-0045,SOPORTE,SOPORTE,True,0.48140060633426013,uncalibrated_probability
logreg-c4,ML-0046,SOPORTE,SOPORTE,True,0.4826108071314755,uncalibrated_probability
logreg-c4,ML-0047,SOPORTE,SOPORTE,True,0.4180314198446716,uncalibrated_probability
logreg-c4,ML-0048,SOPORTE,SOPORTE,True,0.6938328311571899,uncalibrated_probability
logreg-c4,ML-0049,SOPORTE,SOPORTE,True,0.44340871219039374,uncalibrated_probability
logreg-c4,ML-0050,SOPORTE,SOPORTE,True,0.5244764974863111,uncalibrated_probability
logreg-c4,ML-0051,REDES,REDES,True,0.44169552211950674,uncalibrated_probability
logreg-c4,ML-0052,REDES,REDES,True,0.5552970251786756,uncalibrated_probability
logreg-c4,ML-0053,REDES,REDES,True,0.5961898372374342,uncalibrated_probability
logreg-c4,ML-0054,REDES,REDES,True,0.4371165049813225,uncalibrated_probability
logreg-c4,ML-0055,REDES,REDES,True,0.40178616939512757,uncalibrated_probability
logreg-c4,ML-0061,REDES,REDES,True,0.5618389312556729,uncalibrated_probability
logreg-c4,ML-0062,REDES,SOPORTE,False,0.432294078569307,uncalibrated_probability
logreg-c4,ML-0063,REDES,REDES,True,0.6047544941988074,uncalibrated_probability
logreg-c4,ML-0064,REDES,INFRAESTRUCTURA,False,0.35459602610867474,uncalibrated_probability
logreg-c4,ML-0065,REDES,SOPORTE,False,0.30462278013026367,uncalibrated_probability
logreg-c4,ML-0066,REDES,REDES,True,0.47825299649854586,uncalibrated_probability
logreg-c4,ML-0067,REDES,REDES,True,0.7843080684188753,uncalibrated_probability
logreg-c4,ML-0068,REDES,REDES,True,0.6304249545666568,uncalibrated_probability
logreg-c4,ML-0069,REDES,REDES,True,0.6820060054680553,uncalibrated_probability
logreg-c4,ML-0070,REDES,REDES,True,0.6993575904618903,uncalibrated_probability
logreg-c4,ML-0071,REDES,REDES,True,0.7684995542016668,uncalibrated_probability
logreg-c4,ML-0072,REDES,REDES,True,0.4015469095735837,uncalibrated_probability
logreg-c4,ML-0073,REDES,REDES,True,0.595728304636116,uncalibrated_probability
logreg-c4,ML-0074,REDES,REDES,True,0.7935375706547193,uncalibrated_probability
logreg-c4,ML-0075,REDES,REDES,True,0.5426582809387411,uncalibrated_probability
logreg-c4,ML-0076,REDES,REDES,True,0.6389520983806207,uncalibrated_probability
logreg-c4,ML-0077,REDES,REDES,True,0.783171962753258,uncalibrated_probability
logreg-c4,ML-0078,REDES,REDES,True,0.639621030535475,uncalibrated_probability
logreg-c4,ML-0079,REDES,REDES,True,0.6507590460106247,uncalibrated_probability
logreg-c4,ML-0080,REDES,REDES,True,0.7384576973849208,uncalibrated_probability
logreg-c4,ML-0081,REDES,REDES,True,0.5324072921893622,uncalibrated_probability
logreg-c4,ML-0082,REDES,REDES,True,0.6062617078497161,uncalibrated_probability
logreg-c4,ML-0083,REDES,REDES,True,0.4515710137903808,uncalibrated_probability
logreg-c4,ML-0084,REDES,REDES,True,0.4831590020273367,uncalibrated_probability
logreg-c4,ML-0085,REDES,REDES,True,0.6931450503424157,uncalibrated_probability
logreg-c4,ML-0091,REDES,REDES,True,0.5215978573569173,uncalibrated_probability
logreg-c4,ML-0092,REDES,REDES,True,0.7234007993669519,uncalibrated_probability
logreg-c4,ML-0093,REDES,REDES,True,0.5141236130386626,uncalibrated_probability
logreg-c4,ML-0094,REDES,REDES,True,0.8197189086084941,uncalibrated_probability
logreg-c4,ML-0095,REDES,REDES,True,0.7123368667610136,uncalibrated_probability
logreg-c4,ML-0096,REDES,REDES,True,0.5368319195049964,uncalibrated_probability
logreg-c4,ML-0097,REDES,REDES,True,0.45807639701492947,uncalibrated_probability
logreg-c4,ML-0098,REDES,REDES,True,0.44886893208275097,uncalibrated_probability
logreg-c4,ML-0099,REDES,REDES,True,0.5002399717797426,uncalibrated_probability
logreg-c4,ML-0100,REDES,REDES,True,0.6834223137811295,uncalibrated_probability
logreg-c4,ML-0101,INFRAESTRUCTURA,INFRAESTRUCTURA,True,0.3748896272418119,uncalibrated_probability
logreg-c4,ML-0102,INFRAESTRUCTURA,BIOMEDICO,False,0.35979098451963787,uncalibrated_probability
logreg-c4,ML-0103,INFRAESTRUCTURA,INFRAESTRUCTURA,True,0.5498144541618238,uncalibrated_probability
logreg-c4,ML-0104,INFRAESTRUCTURA,INFRAESTRUCTURA,True,0.5959366624031535,uncalibrated_probability
logreg-c4,ML-0105,INFRAESTRUCTURA,INFRAESTRUCTURA,True,0.561647228017711,uncalibrated_probability
logreg-c4,ML-0106,INFRAESTRUCTURA,INFRAESTRUCTURA,True,0.7469290202767096,uncalibrated_probability
logreg-c4,ML-0107,INFRAESTRUCTURA,INFRAESTRUCTURA,True,0.5254076376506839,uncalibrated_probability
logreg-c4,ML-0108,INFRAESTRUCTURA,INFRAESTRUCTURA,True,0.6642236208240591,uncalibrated_probability
logreg-c4,ML-0109,INFRAESTRUCTURA,INFRAESTRUCTURA,True,0.781348990659778,uncalibrated_probability
logreg-c4,ML-0110,INFRAESTRUCTURA,INFRAESTRUCTURA,True,0.488388479196465,uncalibrated_probability
logreg-c4,ML-0116,INFRAESTRUCTURA,INFRAESTRUCTURA,True,0.4742595279102013,uncalibrated_probability
logreg-c4,ML-0117,INFRAESTRUCTURA,INFRAESTRUCTURA,True,0.48706579558690577,uncalibrated_probability
logreg-c4,ML-0118,INFRAESTRUCTURA,INFRAESTRUCTURA,True,0.37259767715891023,uncalibrated_probability
logreg-c4,ML-0119,INFRAESTRUCTURA,INFRAESTRUCTURA,True,0.35658231199290397,uncalibrated_probability
logreg-c4,ML-0120,INFRAESTRUCTURA,BIOMEDICO,False,0.3208144797823238,uncalibrated_probability
logreg-c4,ML-0121,INFRAESTRUCTURA,INFRAESTRUCTURA,True,0.5508882613272073,uncalibrated_probability
logreg-c4,ML-0122,INFRAESTRUCTURA,INFRAESTRUCTURA,True,0.4923047642175527,uncalibrated_probability
logreg-c4,ML-0123,INFRAESTRUCTURA,INFRAESTRUCTURA,True,0.6461254506395202,uncalibrated_probability
logreg-c4,ML-0124,INFRAESTRUCTURA,INFRAESTRUCTURA,True,0.692532862433224,uncalibrated_probability
logreg-c4,ML-0125,INFRAESTRUCTURA,INFRAESTRUCTURA,True,0.5692987892259233,uncalibrated_probability
logreg-c4,ML-0131,INFRAESTRUCTURA,INFRAESTRUCTURA,True,0.6963186798124454,uncalibrated_probability
logreg-c4,ML-0132,INFRAESTRUCTURA,INFRAESTRUCTURA,True,0.3358818287469938,uncalibrated_probability
logreg-c4,ML-0133,INFRAESTRUCTURA,INFRAESTRUCTURA,True,0.6519571959263966,uncalibrated_probability
logreg-c4,ML-0134,INFRAESTRUCTURA,INFRAESTRUCTURA,True,0.5615521440542137,uncalibrated_probability
logreg-c4,ML-0135,INFRAESTRUCTURA,INFRAESTRUCTURA,True,0.474147554500601,uncalibrated_probability
logreg-c4,ML-0136,INFRAESTRUCTURA,INFRAESTRUCTURA,True,0.6733757720728826,uncalibrated_probability
logreg-c4,ML-0137,INFRAESTRUCTURA,INFRAESTRUCTURA,True,0.5278933730048064,uncalibrated_probability
logreg-c4,ML-0138,INFRAESTRUCTURA,INFRAESTRUCTURA,True,0.47235135904432124,uncalibrated_probability
logreg-c4,ML-0139,INFRAESTRUCTURA,INFRAESTRUCTURA,True,0.8045667308699117,uncalibrated_probability
logreg-c4,ML-0140,INFRAESTRUCTURA,INFRAESTRUCTURA,True,0.3968983796706586,uncalibrated_probability
logreg-c4,ML-0141,INFRAESTRUCTURA,INFRAESTRUCTURA,True,0.6179270396226092,uncalibrated_probability
logreg-c4,ML-0142,INFRAESTRUCTURA,INFRAESTRUCTURA,True,0.32011465478509477,uncalibrated_probability
logreg-c4,ML-0143,INFRAESTRUCTURA,INFRAESTRUCTURA,True,0.5359895858511656,uncalibrated_probability
logreg-c4,ML-0144,INFRAESTRUCTURA,INFRAESTRUCTURA,True,0.5162406237131588,uncalibrated_probability
logreg-c4,ML-0145,INFRAESTRUCTURA,BIOMEDICO,False,0.41912841732254535,uncalibrated_probability
logreg-c4,ML-0146,INFRAESTRUCTURA,INFRAESTRUCTURA,True,0.585329536036174,uncalibrated_probability
logreg-c4,ML-0147,INFRAESTRUCTURA,INFRAESTRUCTURA,True,0.6199217002981808,uncalibrated_probability
logreg-c4,ML-0148,INFRAESTRUCTURA,INFRAESTRUCTURA,True,0.5997786660403378,uncalibrated_probability
logreg-c4,ML-0149,INFRAESTRUCTURA,INFRAESTRUCTURA,True,0.6982820319648293,uncalibrated_probability
logreg-c4,ML-0150,INFRAESTRUCTURA,INFRAESTRUCTURA,True,0.7112599906494648,uncalibrated_probability
logreg-c4,ML-0151,BIOMEDICO,SOPORTE,False,0.5165845905356731,uncalibrated_probability
logreg-c4,ML-0152,BIOMEDICO,SOPORTE,False,0.3334577934538341,uncalibrated_probability
logreg-c4,ML-0153,BIOMEDICO,SOPORTE,False,0.5819238813485893,uncalibrated_probability
logreg-c4,ML-0154,BIOMEDICO,SOPORTE,False,0.352716906420632,uncalibrated_probability
logreg-c4,ML-0155,BIOMEDICO,SOPORTE,False,0.48614711020077955,uncalibrated_probability
logreg-c4,ML-0156,BIOMEDICO,BIOMEDICO,True,0.4673002898135212,uncalibrated_probability
logreg-c4,ML-0157,BIOMEDICO,INFRAESTRUCTURA,False,0.325440202586464,uncalibrated_probability
logreg-c4,ML-0158,BIOMEDICO,BIOMEDICO,True,0.3766904582046672,uncalibrated_probability
logreg-c4,ML-0159,BIOMEDICO,BIOMEDICO,True,0.6484716059601149,uncalibrated_probability
logreg-c4,ML-0160,BIOMEDICO,BIOMEDICO,True,0.561299272260868,uncalibrated_probability
logreg-c4,ML-0161,BIOMEDICO,REDES,False,0.34965090952271954,uncalibrated_probability
logreg-c4,ML-0162,BIOMEDICO,BIOMEDICO,True,0.36439501504768085,uncalibrated_probability
logreg-c4,ML-0163,BIOMEDICO,INFRAESTRUCTURA,False,0.3329133255723323,uncalibrated_probability
logreg-c4,ML-0164,BIOMEDICO,SOPORTE,False,0.30405743702750504,uncalibrated_probability
logreg-c4,ML-0165,BIOMEDICO,BIOMEDICO,True,0.3115485498706868,uncalibrated_probability
logreg-c4,ML-0171,BIOMEDICO,BIOMEDICO,True,0.4883255355647222,uncalibrated_probability
logreg-c4,ML-0172,BIOMEDICO,BIOMEDICO,True,0.30537747576656105,uncalibrated_probability
logreg-c4,ML-0173,BIOMEDICO,INFRAESTRUCTURA,False,0.3728489033589139,uncalibrated_probability
logreg-c4,ML-0174,BIOMEDICO,BIOMEDICO,True,0.41167752088029536,uncalibrated_probability
logreg-c4,ML-0175,BIOMEDICO,INFRAESTRUCTURA,False,0.3322432081583612,uncalibrated_probability
logreg-c4,ML-0176,BIOMEDICO,BIOMEDICO,True,0.5518294712766311,uncalibrated_probability
logreg-c4,ML-0177,BIOMEDICO,BIOMEDICO,True,0.5250554525629264,uncalibrated_probability
logreg-c4,ML-0178,BIOMEDICO,BIOMEDICO,True,0.5920676469233215,uncalibrated_probability
logreg-c4,ML-0179,BIOMEDICO,BIOMEDICO,True,0.7105363431275004,uncalibrated_probability
logreg-c4,ML-0180,BIOMEDICO,BIOMEDICO,True,0.5898258907916509,uncalibrated_probability
logreg-c4,ML-0181,BIOMEDICO,BIOMEDICO,True,0.5072969100476388,uncalibrated_probability
logreg-c4,ML-0182,BIOMEDICO,BIOMEDICO,True,0.3895680626307551,uncalibrated_probability
logreg-c4,ML-0183,BIOMEDICO,SOPORTE,False,0.412637995911355,uncalibrated_probability
logreg-c4,ML-0184,BIOMEDICO,BIOMEDICO,True,0.5671383107996687,uncalibrated_probability
logreg-c4,ML-0185,BIOMEDICO,BIOMEDICO,True,0.38439476824730884,uncalibrated_probability
logreg-c4,ML-0191,BIOMEDICO,BIOMEDICO,True,0.31611505027968334,uncalibrated_probability
logreg-c4,ML-0192,BIOMEDICO,BIOMEDICO,True,0.43131624360683235,uncalibrated_probability
logreg-c4,ML-0193,BIOMEDICO,INFRAESTRUCTURA,False,0.3986677800426724,uncalibrated_probability
logreg-c4,ML-0194,BIOMEDICO,BIOMEDICO,True,0.385802788914357,uncalibrated_probability
logreg-c4,ML-0195,BIOMEDICO,INFRAESTRUCTURA,False,0.32540173739583406,uncalibrated_probability
logreg-c4,ML-0196,BIOMEDICO,SOPORTE,False,0.48985137051841643,uncalibrated_probability
logreg-c4,ML-0197,BIOMEDICO,BIOMEDICO,True,0.3560274339678525,uncalibrated_probability
logreg-c4,ML-0198,BIOMEDICO,BIOMEDICO,True,0.37171378393328386,uncalibrated_probability
logreg-c4,ML-0199,BIOMEDICO,SOPORTE,False,0.42502079710869284,uncalibrated_probability
logreg-c4,ML-0200,BIOMEDICO,SOPORTE,False,0.30450724743296764,uncalibrated_probability
linear-svc-c1,ML-0011,SOPORTE,SOPORTE,True,0.06836597216974888,raw_decision_margin_not_probability
linear-svc-c1,ML-0012,SOPORTE,SOPORTE,True,-0.03492150912694275,raw_decision_margin_not_probability
linear-svc-c1,ML-0013,SOPORTE,SOPORTE,True,0.11825570113326678,raw_decision_margin_not_probability
linear-svc-c1,ML-0014,SOPORTE,SOPORTE,True,0.012016220020459989,raw_decision_margin_not_probability
linear-svc-c1,ML-0015,SOPORTE,SOPORTE,True,-0.20051174255688836,raw_decision_margin_not_probability
linear-svc-c1,ML-0016,SOPORTE,SOPORTE,True,0.18034078389320474,raw_decision_margin_not_probability
linear-svc-c1,ML-0017,SOPORTE,SOPORTE,True,-0.22765640567117768,raw_decision_margin_not_probability
linear-svc-c1,ML-0018,SOPORTE,SOPORTE,True,0.2119737217364407,raw_decision_margin_not_probability
linear-svc-c1,ML-0019,SOPORTE,SOPORTE,True,0.04444515359318019,raw_decision_margin_not_probability
linear-svc-c1,ML-0020,SOPORTE,SOPORTE,True,0.10350769606434757,raw_decision_margin_not_probability
linear-svc-c1,ML-0021,SOPORTE,SOPORTE,True,-0.21314519314778876,raw_decision_margin_not_probability
linear-svc-c1,ML-0022,SOPORTE,REDES,False,0.11810331214159642,raw_decision_margin_not_probability
linear-svc-c1,ML-0023,SOPORTE,REDES,False,0.36858326430824684,raw_decision_margin_not_probability
linear-svc-c1,ML-0024,SOPORTE,SOPORTE,True,-0.09721776616698269,raw_decision_margin_not_probability
linear-svc-c1,ML-0025,SOPORTE,SOPORTE,True,-0.3479229808703943,raw_decision_margin_not_probability
linear-svc-c1,ML-0026,SOPORTE,SOPORTE,True,-0.2911402814798335,raw_decision_margin_not_probability
linear-svc-c1,ML-0027,SOPORTE,SOPORTE,True,0.28543173090599855,raw_decision_margin_not_probability
linear-svc-c1,ML-0028,SOPORTE,SOPORTE,True,0.2757183005547556,raw_decision_margin_not_probability
linear-svc-c1,ML-0029,SOPORTE,SOPORTE,True,-0.059491113695149866,raw_decision_margin_not_probability
linear-svc-c1,ML-0030,SOPORTE,SOPORTE,True,-0.11902111599010196,raw_decision_margin_not_probability
linear-svc-c1,ML-0031,SOPORTE,SOPORTE,True,0.04488266864706858,raw_decision_margin_not_probability
linear-svc-c1,ML-0032,SOPORTE,SOPORTE,True,0.04815733815307688,raw_decision_margin_not_probability
linear-svc-c1,ML-0033,SOPORTE,SOPORTE,True,0.44826746407340945,raw_decision_margin_not_probability
linear-svc-c1,ML-0034,SOPORTE,SOPORTE,True,0.3545537082788206,raw_decision_margin_not_probability
linear-svc-c1,ML-0035,SOPORTE,SOPORTE,True,0.25048220074294913,raw_decision_margin_not_probability
linear-svc-c1,ML-0036,SOPORTE,SOPORTE,True,-0.09491031205326922,raw_decision_margin_not_probability
linear-svc-c1,ML-0037,SOPORTE,SOPORTE,True,0.19106528493040503,raw_decision_margin_not_probability
linear-svc-c1,ML-0038,SOPORTE,SOPORTE,True,-0.3589241624438265,raw_decision_margin_not_probability
linear-svc-c1,ML-0039,SOPORTE,SOPORTE,True,0.13437812068051658,raw_decision_margin_not_probability
linear-svc-c1,ML-0040,SOPORTE,SOPORTE,True,0.12034798064553054,raw_decision_margin_not_probability
linear-svc-c1,ML-0041,SOPORTE,SOPORTE,True,-0.08861740039263466,raw_decision_margin_not_probability
linear-svc-c1,ML-0042,SOPORTE,SOPORTE,True,-0.26353985554609327,raw_decision_margin_not_probability
linear-svc-c1,ML-0043,SOPORTE,SOPORTE,True,-0.1280345935458837,raw_decision_margin_not_probability
linear-svc-c1,ML-0044,SOPORTE,REDES,False,-0.11594170140309468,raw_decision_margin_not_probability
linear-svc-c1,ML-0045,SOPORTE,SOPORTE,True,-0.024342971766209087,raw_decision_margin_not_probability
linear-svc-c1,ML-0046,SOPORTE,SOPORTE,True,-0.05338069897779535,raw_decision_margin_not_probability
linear-svc-c1,ML-0047,SOPORTE,SOPORTE,True,-0.0752954439233659,raw_decision_margin_not_probability
linear-svc-c1,ML-0048,SOPORTE,SOPORTE,True,0.3653832189584946,raw_decision_margin_not_probability
linear-svc-c1,ML-0049,SOPORTE,SOPORTE,True,-0.1789464248383318,raw_decision_margin_not_probability
linear-svc-c1,ML-0050,SOPORTE,SOPORTE,True,0.07816593042863818,raw_decision_margin_not_probability
linear-svc-c1,ML-0051,REDES,REDES,True,-0.08871200420542635,raw_decision_margin_not_probability
linear-svc-c1,ML-0052,REDES,REDES,True,0.0947281199358011,raw_decision_margin_not_probability
linear-svc-c1,ML-0053,REDES,REDES,True,0.18751937125059848,raw_decision_margin_not_probability
linear-svc-c1,ML-0054,REDES,REDES,True,-0.14413378324359583,raw_decision_margin_not_probability
linear-svc-c1,ML-0055,REDES,REDES,True,-0.19089050030248073,raw_decision_margin_not_probability
linear-svc-c1,ML-0061,REDES,REDES,True,0.11304915791595715,raw_decision_margin_not_probability
linear-svc-c1,ML-0062,REDES,SOPORTE,False,-0.1564802310744812,raw_decision_margin_not_probability
linear-svc-c1,ML-0063,REDES,REDES,True,0.1649463729389875,raw_decision_margin_not_probability
linear-svc-c1,ML-0064,REDES,INFRAESTRUCTURA,False,-0.2752271315678868,raw_decision_margin_not_probability
linear-svc-c1,ML-0065,REDES,SOPORTE,False,-0.38552089371974546,raw_decision_margin_not_probability
linear-svc-c1,ML-0066,REDES,REDES,True,0.06433180950812867,raw_decision_margin_not_probability
linear-svc-c1,ML-0067,REDES,REDES,True,0.5429836075913025,raw_decision_margin_not_probability
linear-svc-c1,ML-0068,REDES,REDES,True,0.22271406923313353,raw_decision_margin_not_probability
linear-svc-c1,ML-0069,REDES,REDES,True,0.35083110276401164,raw_decision_margin_not_probability
linear-svc-c1,ML-0070,REDES,REDES,True,0.33703041827273494,raw_decision_margin_not_probability
linear-svc-c1,ML-0071,REDES,REDES,True,0.519742285395178,raw_decision_margin_not_probability
linear-svc-c1,ML-0072,REDES,REDES,True,-0.17761340385148167,raw_decision_margin_not_probability
linear-svc-c1,ML-0073,REDES,REDES,True,0.19922237891011874,raw_decision_margin_not_probability
linear-svc-c1,ML-0074,REDES,REDES,True,0.589784033963653,raw_decision_margin_not_probability
linear-svc-c1,ML-0075,REDES,REDES,True,0.07970670861400209,raw_decision_margin_not_probability
linear-svc-c1,ML-0076,REDES,REDES,True,0.24375295176303602,raw_decision_margin_not_probability
linear-svc-c1,ML-0077,REDES,REDES,True,0.5466145927334946,raw_decision_margin_not_probability
linear-svc-c1,ML-0078,REDES,REDES,True,0.23967847703615897,raw_decision_margin_not_probability
linear-svc-c1,ML-0079,REDES,REDES,True,0.2778254794839474,raw_decision_margin_not_probability
linear-svc-c1,ML-0080,REDES,REDES,True,0.47061618608102973,raw_decision_margin_not_probability
linear-svc-c1,ML-0081,REDES,REDES,True,0.05376543311104964,raw_decision_margin_not_probability
linear-svc-c1,ML-0082,REDES,REDES,True,0.13911471324461377,raw_decision_margin_not_probability
linear-svc-c1,ML-0083,REDES,REDES,True,-0.07835891973091297,raw_decision_margin_not_probability
linear-svc-c1,ML-0084,REDES,REDES,True,-0.08113556907407399,raw_decision_margin_not_probability
linear-svc-c1,ML-0085,REDES,REDES,True,0.3260872020517548,raw_decision_margin_not_probability
linear-svc-c1,ML-0091,REDES,REDES,True,0.036124965813983057,raw_decision_margin_not_probability
linear-svc-c1,ML-0092,REDES,REDES,True,0.4059565540371165,raw_decision_margin_not_probability
linear-svc-c1,ML-0093,REDES,REDES,True,0.021387196162754696,raw_decision_margin_not_probability
linear-svc-c1,ML-0094,REDES,REDES,True,0.6221655898834656,raw_decision_margin_not_probability
linear-svc-c1,ML-0095,REDES,REDES,True,0.3677234118562178,raw_decision_margin_not_probability
linear-svc-c1,ML-0096,REDES,REDES,True,0.08450707089699916,raw_decision_margin_not_probability
linear-svc-c1,ML-0097,REDES,REDES,True,-0.044998323005073004,raw_decision_margin_not_probability
linear-svc-c1,ML-0098,REDES,REDES,True,-0.09406328946340903,raw_decision_margin_not_probability
linear-svc-c1,ML-0099,REDES,REDES,True,-0.00907293178113977,raw_decision_margin_not_probability
linear-svc-c1,ML-0100,REDES,REDES,True,0.31538803459454434,raw_decision_margin_not_probability
linear-svc-c1,ML-0101,INFRAESTRUCTURA,INFRAESTRUCTURA,True,-0.21150744745110756,raw_decision_margin_not_probability
linear-svc-c1,ML-0102,INFRAESTRUCTURA,BIOMEDICO,False,-0.2916953902161743,raw_decision_margin_not_probability
linear-svc-c1,ML-0103,INFRAESTRUCTURA,INFRAESTRUCTURA,True,0.18991577047956376,raw_decision_margin_not_probability
linear-svc-c1,ML-0104,INFRAESTRUCTURA,INFRAESTRUCTURA,True,0.19876465541692323,raw_decision_margin_not_probability
linear-svc-c1,ML-0105,INFRAESTRUCTURA,INFRAESTRUCTURA,True,0.19867466624743368,raw_decision_margin_not_probability
linear-svc-c1,ML-0106,INFRAESTRUCTURA,INFRAESTRUCTURA,True,0.5018686251744919,raw_decision_margin_not_probability
linear-svc-c1,ML-0107,INFRAESTRUCTURA,INFRAESTRUCTURA,True,0.015098815316504255,raw_decision_margin_not_probability
linear-svc-c1,ML-0108,INFRAESTRUCTURA,INFRAESTRUCTURA,True,0.30986307247395717,raw_decision_margin_not_probability
linear-svc-c1,ML-0109,INFRAESTRUCTURA,INFRAESTRUCTURA,True,0.5431467065360376,raw_decision_margin_not_probability
linear-svc-c1,ML-0110,INFRAESTRUCTURA,INFRAESTRUCTURA,True,-0.02331275682576034,raw_decision_margin_not_probability
linear-svc-c1,ML-0116,INFRAESTRUCTURA,INFRAESTRUCTURA,True,-0.07194959005787943,raw_decision_margin_not_probability
linear-svc-c1,ML-0117,INFRAESTRUCTURA,INFRAESTRUCTURA,True,-0.0372253486119809,raw_decision_margin_not_probability
linear-svc-c1,ML-0118,INFRAESTRUCTURA,INFRAESTRUCTURA,True,-0.24085912579657293,raw_decision_margin_not_probability
linear-svc-c1,ML-0119,INFRAESTRUCTURA,INFRAESTRUCTURA,True,-0.307185517872695,raw_decision_margin_not_probability
linear-svc-c1,ML-0120,INFRAESTRUCTURA,BIOMEDICO,False,-0.34229505907337454,raw_decision_margin_not_probability
linear-svc-c1,ML-0121,INFRAESTRUCTURA,INFRAESTRUCTURA,True,0.06917995270451727,raw_decision_margin_not_probability
linear-svc-c1,ML-0122,INFRAESTRUCTURA,INFRAESTRUCTURA,True,-0.03579261279583307,raw_decision_margin_not_probability
linear-svc-c1,ML-0123,INFRAESTRUCTURA,INFRAESTRUCTURA,True,0.21941217144002523,raw_decision_margin_not_probability
linear-svc-c1,ML-0124,INFRAESTRUCTURA,INFRAESTRUCTURA,True,0.3221433367425828,raw_decision_margin_not_probability
linear-svc-c1,ML-0125,INFRAESTRUCTURA,INFRAESTRUCTURA,True,0.12147014640037868,raw_decision_margin_not_probability
linear-svc-c1,ML-0131,INFRAESTRUCTURA,INFRAESTRUCTURA,True,0.3047185316422367,raw_decision_margin_not_probability
linear-svc-c1,ML-0132,INFRAESTRUCTURA,INFRAESTRUCTURA,True,-0.28256308900216165,raw_decision_margin_not_probability
linear-svc-c1,ML-0133,INFRAESTRUCTURA,INFRAESTRUCTURA,True,0.24859609847223596,raw_decision_margin_not_probability
linear-svc-c1,ML-0134,INFRAESTRUCTURA,INFRAESTRUCTURA,True,0.05664650482022837,raw_decision_margin_not_probability
linear-svc-c1,ML-0135,INFRAESTRUCTURA,INFRAESTRUCTURA,True,-0.02450711792035215,raw_decision_margin_not_probability
linear-svc-c1,ML-0136,INFRAESTRUCTURA,INFRAESTRUCTURA,True,0.29522544717216415,raw_decision_margin_not_probability
linear-svc-c1,ML-0137,INFRAESTRUCTURA,INFRAESTRUCTURA,True,0.05021625923661588,raw_decision_margin_not_probability
linear-svc-c1,ML-0138,INFRAESTRUCTURA,INFRAESTRUCTURA,True,-0.04226685497602489,raw_decision_margin_not_probability
linear-svc-c1,ML-0139,INFRAESTRUCTURA,INFRAESTRUCTURA,True,0.5700834534767184,raw_decision_margin_not_probability
linear-svc-c1,ML-0140,INFRAESTRUCTURA,INFRAESTRUCTURA,True,-0.12633705745890428,raw_decision_margin_not_probability
linear-svc-c1,ML-0141,INFRAESTRUCTURA,INFRAESTRUCTURA,True,0.236922724619689,raw_decision_margin_not_probability
linear-svc-c1,ML-0142,INFRAESTRUCTURA,INFRAESTRUCTURA,True,-0.2816919227509662,raw_decision_margin_not_probability
linear-svc-c1,ML-0143,INFRAESTRUCTURA,INFRAESTRUCTURA,True,0.13451899234725384,raw_decision_margin_not_probability
linear-svc-c1,ML-0144,INFRAESTRUCTURA,INFRAESTRUCTURA,True,0.08086926612552747,raw_decision_margin_not_probability
linear-svc-c1,ML-0145,INFRAESTRUCTURA,BIOMEDICO,False,-0.17043318753706355,raw_decision_margin_not_probability
linear-svc-c1,ML-0146,INFRAESTRUCTURA,INFRAESTRUCTURA,True,0.16727423053999158,raw_decision_margin_not_probability
linear-svc-c1,ML-0147,INFRAESTRUCTURA,INFRAESTRUCTURA,True,0.2408569954839892,raw_decision_margin_not_probability
linear-svc-c1,ML-0148,INFRAESTRUCTURA,INFRAESTRUCTURA,True,0.21428331860227845,raw_decision_margin_not_probability
linear-svc-c1,ML-0149,INFRAESTRUCTURA,INFRAESTRUCTURA,True,0.35001966278045116,raw_decision_margin_not_probability
linear-svc-c1,ML-0150,INFRAESTRUCTURA,INFRAESTRUCTURA,True,0.4414183042809373,raw_decision_margin_not_probability
linear-svc-c1,ML-0151,BIOMEDICO,SOPORTE,False,0.04903647776542025,raw_decision_margin_not_probability
linear-svc-c1,ML-0152,BIOMEDICO,BIOMEDICO,True,-0.2746834487684321,raw_decision_margin_not_probability
linear-svc-c1,ML-0153,BIOMEDICO,SOPORTE,False,0.09700342327577438,raw_decision_margin_not_probability
linear-svc-c1,ML-0154,BIOMEDICO,BIOMEDICO,True,-0.15136405101280792,raw_decision_margin_not_probability
linear-svc-c1,ML-0155,BIOMEDICO,SOPORTE,False,-0.0637870524586504,raw_decision_margin_not_probability
linear-svc-c1,ML-0156,BIOMEDICO,BIOMEDICO,True,-0.06606146378015648,raw_decision_margin_not_probability
linear-svc-c1,ML-0157,BIOMEDICO,BIOMEDICO,True,-0.3332414712760666,raw_decision_margin_not_probability
linear-svc-c1,ML-0158,BIOMEDICO,BIOMEDICO,True,-0.18283139841583368,raw_decision_margin_not_probability
linear-svc-c1,ML-0159,BIOMEDICO,BIOMEDICO,True,0.23296924448253553,raw_decision_margin_not_probability
linear-svc-c1,ML-0160,BIOMEDICO,BIOMEDICO,True,0.12081014223149744,raw_decision_margin_not_probability
linear-svc-c1,ML-0161,BIOMEDICO,REDES,False,-0.274588568376217,raw_decision_margin_not_probability
linear-svc-c1,ML-0162,BIOMEDICO,BIOMEDICO,True,-0.14717437657526738,raw_decision_margin_not_probability
linear-svc-c1,ML-0163,BIOMEDICO,INFRAESTRUCTURA,False,-0.3118920236956557,raw_decision_margin_not_probability
linear-svc-c1,ML-0164,BIOMEDICO,BIOMEDICO,True,-0.30910353553631237,raw_decision_margin_not_probability
linear-svc-c1,ML-0165,BIOMEDICO,BIOMEDICO,True,-0.2443642887380813,raw_decision_margin_not_probability
linear-svc-c1,ML-0171,BIOMEDICO,BIOMEDICO,True,-0.06658849113886955,raw_decision_margin_not_probability
linear-svc-c1,ML-0172,BIOMEDICO,BIOMEDICO,True,-0.40174913196088174,raw_decision_margin_not_probability
linear-svc-c1,ML-0173,BIOMEDICO,INFRAESTRUCTURA,False,-0.12964659682320684,raw_decision_margin_not_probability
linear-svc-c1,ML-0174,BIOMEDICO,BIOMEDICO,True,-0.19433260485117215,raw_decision_margin_not_probability
linear-svc-c1,ML-0175,BIOMEDICO,INFRAESTRUCTURA,False,-0.256775547278774,raw_decision_margin_not_probability
linear-svc-c1,ML-0176,BIOMEDICO,BIOMEDICO,True,0.03943703139086979,raw_decision_margin_not_probability
linear-svc-c1,ML-0177,BIOMEDICO,BIOMEDICO,True,-0.009735931439111833,raw_decision_margin_not_probability
linear-svc-c1,ML-0178,BIOMEDICO,BIOMEDICO,True,0.12085717396658319,raw_decision_margin_not_probability
linear-svc-c1,ML-0179,BIOMEDICO,BIOMEDICO,True,0.3334660070119752,raw_decision_margin_not_probability
linear-svc-c1,ML-0180,BIOMEDICO,BIOMEDICO,True,0.11724856325401328,raw_decision_margin_not_probability
linear-svc-c1,ML-0181,BIOMEDICO,BIOMEDICO,True,-0.014559130246561303,raw_decision_margin_not_probability
linear-svc-c1,ML-0182,BIOMEDICO,BIOMEDICO,True,-0.21203956546637448,raw_decision_margin_not_probability
linear-svc-c1,ML-0183,BIOMEDICO,SOPORTE,False,-0.19309038984715748,raw_decision_margin_not_probability
linear-svc-c1,ML-0184,BIOMEDICO,BIOMEDICO,True,0.11191911781581243,raw_decision_margin_not_probability
linear-svc-c1,ML-0185,BIOMEDICO,BIOMEDICO,True,-0.16367172973605798,raw_decision_margin_not_probability
linear-svc-c1,ML-0191,BIOMEDICO,BIOMEDICO,True,-0.2834496678033093,raw_decision_margin_not_probability
linear-svc-c1,ML-0192,BIOMEDICO,BIOMEDICO,True,-0.03253065012466072,raw_decision_margin_not_probability
linear-svc-c1,ML-0193,BIOMEDICO,INFRAESTRUCTURA,False,-0.21642837235802995,raw_decision_margin_not_probability
linear-svc-c1,ML-0194,BIOMEDICO,BIOMEDICO,True,-0.11043160539099262,raw_decision_margin_not_probability
linear-svc-c1,ML-0195,BIOMEDICO,BIOMEDICO,True,-0.21015843728130656,raw_decision_margin_not_probability
linear-svc-c1,ML-0196,BIOMEDICO,SOPORTE,False,-0.07814246944440623,raw_decision_margin_not_probability
linear-svc-c1,ML-0197,BIOMEDICO,BIOMEDICO,True,-0.15137448134315257,raw_decision_margin_not_probability
linear-svc-c1,ML-0198,BIOMEDICO,BIOMEDICO,True,-0.1140436040236501,raw_decision_margin_not_probability
linear-svc-c1,ML-0199,BIOMEDICO,SOPORTE,False,-0.13736917011616787,raw_decision_margin_not_probability
linear-svc-c1,ML-0200,BIOMEDICO,SOPORTE,False,-0.3844054071276159,raw_decision_margin_not_probability
linear-svc-c4,ML-0011,SOPORTE,SOPORTE,True,0.12208319137526147,raw_decision_margin_not_probability
linear-svc-c4,ML-0012,SOPORTE,SOPORTE,True,0.03373025530207724,raw_decision_margin_not_probability
linear-svc-c4,ML-0013,SOPORTE,SOPORTE,True,0.16724562885020855,raw_decision_margin_not_probability
linear-svc-c4,ML-0014,SOPORTE,SOPORTE,True,0.07111715364275539,raw_decision_margin_not_probability
linear-svc-c4,ML-0015,SOPORTE,SOPORTE,True,-0.1694811075887623,raw_decision_margin_not_probability
linear-svc-c4,ML-0016,SOPORTE,SOPORTE,True,0.24324721971271285,raw_decision_margin_not_probability
linear-svc-c4,ML-0017,SOPORTE,SOPORTE,True,-0.2118526044879582,raw_decision_margin_not_probability
linear-svc-c4,ML-0018,SOPORTE,SOPORTE,True,0.289698558772895,raw_decision_margin_not_probability
linear-svc-c4,ML-0019,SOPORTE,SOPORTE,True,0.11306292082636854,raw_decision_margin_not_probability
linear-svc-c4,ML-0020,SOPORTE,SOPORTE,True,0.16108076341881888,raw_decision_margin_not_probability
linear-svc-c4,ML-0021,SOPORTE,SOPORTE,True,-0.1944561834593827,raw_decision_margin_not_probability
linear-svc-c4,ML-0022,SOPORTE,REDES,False,0.17514544931184184,raw_decision_margin_not_probability
linear-svc-c4,ML-0023,SOPORTE,REDES,False,0.4412779393274172,raw_decision_margin_not_probability
linear-svc-c4,ML-0024,SOPORTE,SOPORTE,True,-0.044860703310628636,raw_decision_margin_not_probability
linear-svc-c4,ML-0025,SOPORTE,SOPORTE,True,-0.33625085729115495,raw_decision_margin_not_probability
linear-svc-c4,ML-0026,SOPORTE,SOPORTE,True,-0.2895005635043831,raw_decision_margin_not_probability
linear-svc-c4,ML-0027,SOPORTE,SOPORTE,True,0.35327735905735075,raw_decision_margin_not_probability
linear-svc-c4,ML-0028,SOPORTE,SOPORTE,True,0.34932369391836343,raw_decision_margin_not_probability
linear-svc-c4,ML-0029,SOPORTE,SOPORTE,True,-0.03257971099480739,raw_decision_margin_not_probability
linear-svc-c4,ML-0030,SOPORTE,SOPORTE,True,-0.09130710273528209,raw_decision_margin_not_probability
linear-svc-c4,ML-0031,SOPORTE,SOPORTE,True,0.09588253085913873,raw_decision_margin_not_probability
linear-svc-c4,ML-0032,SOPORTE,SOPORTE,True,0.10061009733882081,raw_decision_margin_not_probability
linear-svc-c4,ML-0033,SOPORTE,SOPORTE,True,0.5356304627271316,raw_decision_margin_not_probability
linear-svc-c4,ML-0034,SOPORTE,SOPORTE,True,0.43167430117549727,raw_decision_margin_not_probability
linear-svc-c4,ML-0035,SOPORTE,SOPORTE,True,0.3105476834939895,raw_decision_margin_not_probability
linear-svc-c4,ML-0036,SOPORTE,SOPORTE,True,-0.07238536827113806,raw_decision_margin_not_probability
linear-svc-c4,ML-0037,SOPORTE,SOPORTE,True,0.24629259859173108,raw_decision_margin_not_probability
linear-svc-c4,ML-0038,SOPORTE,SOPORTE,True,-0.35421753386291577,raw_decision_margin_not_probability
linear-svc-c4,ML-0039,SOPORTE,SOPORTE,True,0.19523009381900963,raw_decision_margin_not_probability
linear-svc-c4,ML-0040,SOPORTE,SOPORTE,True,0.19144172540805465,raw_decision_margin_not_probability
linear-svc-c4,ML-0041,SOPORTE,SOPORTE,True,-0.07218619559053366,raw_decision_margin_not_probability
linear-svc-c4,ML-0042,SOPORTE,SOPORTE,True,-0.2394792269276788,raw_decision_margin_not_probability
linear-svc-c4,ML-0043,SOPORTE,SOPORTE,True,-0.0966547696147757,raw_decision_margin_not_probability
linear-svc-c4,ML-0044,SOPORTE,REDES,False,-0.10201200925516374,raw_decision_margin_not_probability
linear-svc-c4,ML-0045,SOPORTE,SOPORTE,True,0.011511849545951414,raw_decision_margin_not_probability
linear-svc-c4,ML-0046,SOPORTE,SOPORTE,True,-0.015472617271036493,raw_decision_margin_not_probability
linear-svc-c4,ML-0047,SOPORTE,SOPORTE,True,-0.013075352863577083,raw_decision_margin_not_probability
linear-svc-c4,ML-0048,SOPORTE,SOPORTE,True,0.4470361115355975,raw_decision_margin_not_probability
linear-svc-c4,ML-0049,SOPORTE,SOPORTE,True,-0.15464280328533492,raw_decision_margin_not_probability
linear-svc-c4,ML-0050,SOPORTE,SOPORTE,True,0.13984329841979853,raw_decision_margin_not_probability
linear-svc-c4,ML-0051,REDES,REDES,True,-0.03813173759455696,raw_decision_margin_not_probability
linear-svc-c4,ML-0052,REDES,REDES,True,0.13633366713767714,raw_decision_margin_not_probability
linear-svc-c4,ML-0053,REDES,REDES,True,0.2567107830539437,raw_decision_margin_not_probability
linear-svc-c4,ML-0054,REDES,REDES,True,-0.12267615449219749,raw_decision_margin_not_probability
linear-svc-c4,ML-0055,REDES,REDES,True,-0.17663066175772874,raw_decision_margin_not_probability
linear-svc-c4,ML-0061,REDES,REDES,True,0.1610248228260659,raw_decision_margin_not_probability
linear-svc-c4,ML-0062,REDES,SOPORTE,False,-0.12845047195992113,raw_decision_margin_not_probability
linear-svc-c4,ML-0063,REDES,REDES,True,0.19723014037687314,raw_decision_margin_not_probability
linear-svc-c4,ML-0064,REDES,INFRAESTRUCTURA,False,-0.26244244289813384,raw_decision_margin_not_probability
linear-svc-c4,ML-0065,REDES,INFRAESTRUCTURA,False,-0.36134297233038076,raw_decision_margin_not_probability
linear-svc-c4,ML-0066,REDES,REDES,True,0.11618121605659354,raw_decision_margin_not_probability
linear-svc-c4,ML-0067,REDES,REDES,True,0.6218250171062243,raw_decision_margin_not_probability
linear-svc-c4,ML-0068,REDES,REDES,True,0.27654054416046775,raw_decision_margin_not_probability
linear-svc-c4,ML-0069,REDES,REDES,True,0.41950125475593053,raw_decision_margin_not_probability
linear-svc-c4,ML-0070,REDES,REDES,True,0.39535090890783103,raw_decision_margin_not_probability
linear-svc-c4,ML-0071,REDES,REDES,True,0.6065476518607301,raw_decision_margin_not_probability
linear-svc-c4,ML-0072,REDES,REDES,True,-0.16205553900917108,raw_decision_margin_not_probability
linear-svc-c4,ML-0073,REDES,REDES,True,0.26139220606119196,raw_decision_margin_not_probability
linear-svc-c4,ML-0074,REDES,REDES,True,0.6856970290551719,raw_decision_margin_not_probability
linear-svc-c4,ML-0075,REDES,REDES,True,0.12168427352632816,raw_decision_margin_not_probability
linear-svc-c4,ML-0076,REDES,REDES,True,0.2987649294995419,raw_decision_margin_not_probability
linear-svc-c4,ML-0077,REDES,REDES,True,0.628143107059432,raw_decision_margin_not_probability
linear-svc-c4,ML-0078,REDES,REDES,True,0.30102039252188395,raw_decision_margin_not_probability
linear-svc-c4,ML-0079,REDES,REDES,True,0.34184758154605055,raw_decision_margin_not_probability
linear-svc-c4,ML-0080,REDES,REDES,True,0.5438875034285785,raw_decision_margin_not_probability
linear-svc-c4,ML-0081,REDES,REDES,True,0.09433654747898673,raw_decision_margin_not_probability
linear-svc-c4,ML-0082,REDES,REDES,True,0.17362640870281948,raw_decision_margin_not_probability
linear-svc-c4,ML-0083,REDES,REDES,True,-0.06276638953229674,raw_decision_margin_not_probability
linear-svc-c4,ML-0084,REDES,REDES,True,-0.0675909285602192,raw_decision_margin_not_probability
linear-svc-c4,ML-0085,REDES,REDES,True,0.37435563283027246,raw_decision_margin_not_probability
linear-svc-c4,ML-0091,REDES,REDES,True,0.06934850889186545,raw_decision_margin_not_probability
linear-svc-c4,ML-0092,REDES,REDES,True,0.47866004622260744,raw_decision_margin_not_probability
linear-svc-c4,ML-0093,REDES,REDES,True,0.06708463513794444,raw_decision_margin_not_probability
linear-svc-c4,ML-0094,REDES,REDES,True,0.6940181871983979,raw_decision_margin_not_probability
linear-svc-c4,ML-0095,REDES,REDES,True,0.42544011366955964,raw_decision_margin_not_probability
linear-svc-c4,ML-0096,REDES,REDES,True,0.1381640288159241,raw_decision_margin_not_probability
linear-svc-c4,ML-0097,REDES,REDES,True,-0.0008592762164239542,raw_decision_margin_not_probability
linear-svc-c4,ML-0098,REDES,REDES,True,-0.05994313200595158,raw_decision_margin_not_probability
linear-svc-c4,ML-0099,REDES,REDES,True,0.028628402256987817,raw_decision_margin_not_probability
linear-svc-c4,ML-0100,REDES,REDES,True,0.38043801843247366,raw_decision_margin_not_probability
linear-svc-c4,ML-0101,INFRAESTRUCTURA,INFRAESTRUCTURA,True,-0.20094506965437142,raw_decision_margin_not_probability
linear-svc-c4,ML-0102,INFRAESTRUCTURA,BIOMEDICO,False,-0.2934639739199144,raw_decision_margin_not_probability
linear-svc-c4,ML-0103,INFRAESTRUCTURA,INFRAESTRUCTURA,True,0.26446483163602574,raw_decision_margin_not_probability
linear-svc-c4,ML-0104,INFRAESTRUCTURA,INFRAESTRUCTURA,True,0.26578771570906756,raw_decision_margin_not_probability
linear-svc-c4,ML-0105,INFRAESTRUCTURA,INFRAESTRUCTURA,True,0.27001924711225567,raw_decision_margin_not_probability
linear-svc-c4,ML-0106,INFRAESTRUCTURA,INFRAESTRUCTURA,True,0.6000312362909395,raw_decision_margin_not_probability
linear-svc-c4,ML-0107,INFRAESTRUCTURA,INFRAESTRUCTURA,True,0.05944046167023459,raw_decision_margin_not_probability
linear-svc-c4,ML-0108,INFRAESTRUCTURA,INFRAESTRUCTURA,True,0.37807696472738916,raw_decision_margin_not_probability
linear-svc-c4,ML-0109,INFRAESTRUCTURA,INFRAESTRUCTURA,True,0.6462124786236341,raw_decision_margin_not_probability
linear-svc-c4,ML-0110,INFRAESTRUCTURA,INFRAESTRUCTURA,True,0.014804356698168708,raw_decision_margin_not_probability
linear-svc-c4,ML-0116,INFRAESTRUCTURA,INFRAESTRUCTURA,True,-0.05409325918012131,raw_decision_margin_not_probability
linear-svc-c4,ML-0117,INFRAESTRUCTURA,INFRAESTRUCTURA,True,-0.018422056674212484,raw_decision_margin_not_probability
linear-svc-c4,ML-0118,INFRAESTRUCTURA,INFRAESTRUCTURA,True,-0.2405251960869978,raw_decision_margin_not_probability
linear-svc-c4,ML-0119,INFRAESTRUCTURA,INFRAESTRUCTURA,True,-0.3142277139399119,raw_decision_margin_not_probability
linear-svc-c4,ML-0120,INFRAESTRUCTURA,BIOMEDICO,False,-0.3267757585294718,raw_decision_margin_not_probability
linear-svc-c4,ML-0121,INFRAESTRUCTURA,INFRAESTRUCTURA,True,0.09509832525515172,raw_decision_margin_not_probability
linear-svc-c4,ML-0122,INFRAESTRUCTURA,INFRAESTRUCTURA,True,-0.015448455553162654,raw_decision_margin_not_probability
linear-svc-c4,ML-0123,INFRAESTRUCTURA,INFRAESTRUCTURA,True,0.243952145886565,raw_decision_margin_not_probability
linear-svc-c4,ML-0124,INFRAESTRUCTURA,INFRAESTRUCTURA,True,0.3804898763248111,raw_decision_margin_not_probability
linear-svc-c4,ML-0125,INFRAESTRUCTURA,INFRAESTRUCTURA,True,0.16171548434304128,raw_decision_margin_not_probability
linear-svc-c4,ML-0131,INFRAESTRUCTURA,INFRAESTRUCTURA,True,0.33804779611156066,raw_decision_margin_not_probability
linear-svc-c4,ML-0132,INFRAESTRUCTURA,INFRAESTRUCTURA,True,-0.2682671069647201,raw_decision_margin_not_probability
linear-svc-c4,ML-0133,INFRAESTRUCTURA,INFRAESTRUCTURA,True,0.28868668089466754,raw_decision_margin_not_probability
linear-svc-c4,ML-0134,INFRAESTRUCTURA,INFRAESTRUCTURA,True,0.08559299944079868,raw_decision_margin_not_probability
linear-svc-c4,ML-0135,INFRAESTRUCTURA,INFRAESTRUCTURA,True,0.009414372286466466,raw_decision_margin_not_probability
linear-svc-c4,ML-0136,INFRAESTRUCTURA,INFRAESTRUCTURA,True,0.35257689726567654,raw_decision_margin_not_probability
linear-svc-c4,ML-0137,INFRAESTRUCTURA,INFRAESTRUCTURA,True,0.0952923156907809,raw_decision_margin_not_probability
linear-svc-c4,ML-0138,INFRAESTRUCTURA,INFRAESTRUCTURA,True,-0.010937145788781022,raw_decision_margin_not_probability
linear-svc-c4,ML-0139,INFRAESTRUCTURA,INFRAESTRUCTURA,True,0.6430824063742372,raw_decision_margin_not_probability
linear-svc-c4,ML-0140,INFRAESTRUCTURA,INFRAESTRUCTURA,True,-0.09493587189111602,raw_decision_margin_not_probability
linear-svc-c4,ML-0141,INFRAESTRUCTURA,INFRAESTRUCTURA,True,0.2914098956270388,raw_decision_margin_not_probability
linear-svc-c4,ML-0142,INFRAESTRUCTURA,INFRAESTRUCTURA,True,-0.26652797288998764,raw_decision_margin_not_probability
linear-svc-c4,ML-0143,INFRAESTRUCTURA,INFRAESTRUCTURA,True,0.18983868175651375,raw_decision_margin_not_probability
linear-svc-c4,ML-0144,INFRAESTRUCTURA,INFRAESTRUCTURA,True,0.1253158131664145,raw_decision_margin_not_probability
linear-svc-c4,ML-0145,INFRAESTRUCTURA,BIOMEDICO,False,-0.16525068335289855,raw_decision_margin_not_probability
linear-svc-c4,ML-0146,INFRAESTRUCTURA,INFRAESTRUCTURA,True,0.20683631324778584,raw_decision_margin_not_probability
linear-svc-c4,ML-0147,INFRAESTRUCTURA,INFRAESTRUCTURA,True,0.3079609643868104,raw_decision_margin_not_probability
linear-svc-c4,ML-0148,INFRAESTRUCTURA,INFRAESTRUCTURA,True,0.262971729816204,raw_decision_margin_not_probability
linear-svc-c4,ML-0149,INFRAESTRUCTURA,INFRAESTRUCTURA,True,0.4075168986578461,raw_decision_margin_not_probability
linear-svc-c4,ML-0150,INFRAESTRUCTURA,INFRAESTRUCTURA,True,0.5224580866348623,raw_decision_margin_not_probability
linear-svc-c4,ML-0151,BIOMEDICO,SOPORTE,False,0.09612968508882075,raw_decision_margin_not_probability
linear-svc-c4,ML-0152,BIOMEDICO,BIOMEDICO,True,-0.24514341711331422,raw_decision_margin_not_probability
linear-svc-c4,ML-0153,BIOMEDICO,SOPORTE,False,0.13263420868737558,raw_decision_margin_not_probability
linear-svc-c4,ML-0154,BIOMEDICO,BIOMEDICO,True,-0.1158908321766684,raw_decision_margin_not_probability
linear-svc-c4,ML-0155,BIOMEDICO,SOPORTE,False,-0.04157510726522473,raw_decision_margin_not_probability
linear-svc-c4,ML-0156,BIOMEDICO,BIOMEDICO,True,-0.04727288127360496,raw_decision_margin_not_probability
linear-svc-c4,ML-0157,BIOMEDICO,BIOMEDICO,True,-0.31739516384694677,raw_decision_margin_not_probability
linear-svc-c4,ML-0158,BIOMEDICO,BIOMEDICO,True,-0.1564894173137079,raw_decision_margin_not_probability
linear-svc-c4,ML-0159,BIOMEDICO,BIOMEDICO,True,0.26938563899401313,raw_decision_margin_not_probability
linear-svc-c4,ML-0160,BIOMEDICO,BIOMEDICO,True,0.1566202607776821,raw_decision_margin_not_probability
linear-svc-c4,ML-0161,BIOMEDICO,REDES,False,-0.2459942074184969,raw_decision_margin_not_probability
linear-svc-c4,ML-0162,BIOMEDICO,BIOMEDICO,True,-0.11495098320229835,raw_decision_margin_not_probability
linear-svc-c4,ML-0163,BIOMEDICO,INFRAESTRUCTURA,False,-0.2976623849425093,raw_decision_margin_not_probability
linear-svc-c4,ML-0164,BIOMEDICO,BIOMEDICO,True,-0.292542382568382,raw_decision_margin_not_probability
linear-svc-c4,ML-0165,BIOMEDICO,BIOMEDICO,True,-0.22277663647802726,raw_decision_margin_not_probability
linear-svc-c4,ML-0171,BIOMEDICO,BIOMEDICO,True,-0.05495056622185407,raw_decision_margin_not_probability
linear-svc-c4,ML-0172,BIOMEDICO,BIOMEDICO,True,-0.40515875212205815,raw_decision_margin_not_probability
linear-svc-c4,ML-0173,BIOMEDICO,INFRAESTRUCTURA,False,-0.08470930078216193,raw_decision_margin_not_probability
linear-svc-c4,ML-0174,BIOMEDICO,BIOMEDICO,True,-0.1706087279873968,raw_decision_margin_not_probability
linear-svc-c4,ML-0175,BIOMEDICO,INFRAESTRUCTURA,False,-0.22694209628211987,raw_decision_margin_not_probability
linear-svc-c4,ML-0176,BIOMEDICO,BIOMEDICO,True,0.06620658446520788,raw_decision_margin_not_probability
linear-svc-c4,ML-0177,BIOMEDICO,BIOMEDICO,True,0.007368873851008706,raw_decision_margin_not_probability
linear-svc-c4,ML-0178,BIOMEDICO,BIOMEDICO,True,0.14424583353065612,raw_decision_margin_not_probability
linear-svc-c4,ML-0179,BIOMEDICO,BIOMEDICO,True,0.377408323098923,raw_decision_margin_not_probability
linear-svc-c4,ML-0180,BIOMEDICO,BIOMEDICO,True,0.14068484693891725,raw_decision_margin_not_probability
linear-svc-c4,ML-0181,BIOMEDICO,BIOMEDICO,True,0.011115562952619507,raw_decision_margin_not_probability
linear-svc-c4,ML-0182,BIOMEDICO,BIOMEDICO,True,-0.2035638306044974,raw_decision_margin_not_probability
linear-svc-c4,ML-0183,BIOMEDICO,SOPORTE,False,-0.17498406744208156,raw_decision_margin_not_probability
linear-svc-c4,ML-0184,BIOMEDICO,BIOMEDICO,True,0.15447150165100987,raw_decision_margin_not_probability
linear-svc-c4,ML-0185,BIOMEDICO,BIOMEDICO,True,-0.1328433466812487,raw_decision_margin_not_probability
linear-svc-c4,ML-0191,BIOMEDICO,BIOMEDICO,True,-0.279855069082169,raw_decision_margin_not_probability
linear-svc-c4,ML-0192,BIOMEDICO,BIOMEDICO,True,0.001128311623055045,raw_decision_margin_not_probability
linear-svc-c4,ML-0193,BIOMEDICO,INFRAESTRUCTURA,False,-0.19921521521766902,raw_decision_margin_not_probability
linear-svc-c4,ML-0194,BIOMEDICO,BIOMEDICO,True,-0.07780449846772253,raw_decision_margin_not_probability
linear-svc-c4,ML-0195,BIOMEDICO,BIOMEDICO,True,-0.18662834159604214,raw_decision_margin_not_probability
linear-svc-c4,ML-0196,BIOMEDICO,SOPORTE,False,-0.056059855085846766,raw_decision_margin_not_probability
linear-svc-c4,ML-0197,BIOMEDICO,BIOMEDICO,True,-0.11379729159445406,raw_decision_margin_not_probability
linear-svc-c4,ML-0198,BIOMEDICO,BIOMEDICO,True,-0.07499177090067743,raw_decision_margin_not_probability
linear-svc-c4,ML-0199,BIOMEDICO,SOPORTE,False,-0.10130578875253984,raw_decision_margin_not_probability
linear-svc-c4,ML-0200,BIOMEDICO,SOPORTE,False,-0.3684961350420043,raw_decision_margin_not_probability
