candidate_id,record_id,real,predicted,correct,score,score_kind,titulo,descripcion,scenario_family_id,leakage_group_id,is_boundary_case,expected_label_rationale_for_review
linear-svc-c1,ML-0011,SOPORTE,SOPORTE,True,0.06836597216974888,raw_decision_margin_not_probability,La computadora vuelve a reiniciarse al entrar,"La PC prende y muestra el logo, pero se reinicia cuando va a aparecer el escritorio. La luz permanece encendida; no parece que se corte la energía.",sup-os-boot,group-sup-os-boot,False,"El problema se presenta en el arranque del sistema operativo de una estación, no en el suministro eléctrico."
linear-svc-c1,ML-0012,SOPORTE,SOPORTE,True,-0.03492150912694275,raw_decision_margin_not_probability,Bucle de arranque después de actualización,La estación muestra reparación automática tras una actualización del sistema operativo y vuelve a la misma pantalla en cada inicio. El encendido y la alimentación son estables.,sup-os-boot,group-sup-os-boot,False,"El problema se presenta en el arranque del sistema operativo de una estación, no en el suministro eléctrico."
linear-svc-c1,ML-0013,SOPORTE,SOPORTE,True,0.11825570113326678,raw_decision_margin_not_probability,Escritorio no carga,La PC llega al inicio del sistema y queda en reparación automática.,sup-os-boot,group-sup-os-boot,False,"El problema se presenta en el arranque del sistema operativo de una estación, no en el suministro eléctrico."
linear-svc-c1,ML-0014,SOPORTE,SOPORTE,True,0.012016220020459989,raw_decision_margin_not_probability,Sistema no termina de iniciar en el puesto de prueba,"Desde el último reinicio la computadora muestra el logotipo y luego una pantalla de recuperación. Elegir continuar devuelve al mismo lugar. El monitor y la unidad están encendidos sin apagarse, y antes del reinicio funcionaban. El problema sucede antes de abrir programas o conectarse a servicios; solicito revisar el arranque.",sup-os-boot,group-sup-os-boot,False,"El problema se presenta en el arranque del sistema operativo de una estación, no en el suministro eléctrico."
linear-svc-c1,ML-0015,SOPORTE,SOPORTE,True,-0.20051174255688836,raw_decision_margin_not_probability,PC en bucle de inicio,"Prende normal pero SO no llega al escritorio, repite reparación. No hay apagón ni falla del tomacorriente.",sup-os-boot,group-sup-os-boot,False,"El problema se presenta en el arranque del sistema operativo de una estación, no en el suministro eléctrico."
linear-svc-c1,ML-0016,SOPORTE,SOPORTE,True,0.18034078389320474,raw_decision_margin_not_probability,No puedo guardar archivos en esta computadora,Al copiar un archivo de prueba al disco de la PC aparece error de lectura. En un USB el archivo sí se guarda y otros equipos no tienen ese problema.,sup-disk,group-sup-disk,False,Falla el almacenamiento de una computadora de usuario; no es infraestructura ambiental ni un volumen compartido.
linear-svc-c1,ML-0017,SOPORTE,SOPORTE,True,-0.22765640567117768,raw_decision_margin_not_probability,Unidad local reporta errores de entrada y salida,La estación pierde acceso a su unidad secundaria y registra error de dispositivo al leer una carpeta local. El fallo no ocurre en ubicaciones compartidas.,sup-disk,group-sup-disk,False,Falla el almacenamiento de una computadora de usuario; no es infraestructura ambiental ni un volumen compartido.
linear-svc-c1,ML-0018,SOPORTE,SOPORTE,True,0.2119737217364407,raw_decision_margin_not_probability,Disco del puesto no aparece,El sistema dejó de mostrar la unidad local donde guardo archivos de prueba.,sup-disk,group-sup-disk,False,Falla el almacenamiento de una computadora de usuario; no es infraestructura ambiental ni un volumen compartido.
linear-svc-c1,ML-0019,SOPORTE,SOPORTE,True,0.04444515359318019,raw_decision_margin_not_probability,Archivos locales quedan inaccesibles en una sola estación,Al abrir la carpeta de trabajo del disco interno el sistema tarda y termina indicando que no puede leer la unidad. Un archivo de prueba copiado a un medio externo se abre correctamente. El inconveniente se presenta solo en esta estación y no afecta las carpetas de red. Pido revisar el almacenamiento sin borrar información del puesto.,sup-disk,group-sup-disk,False,Falla el almacenamiento de una computadora de usuario; no es infraestructura ambiental ni un volumen compartido.
linear-svc-c1,ML-0020,SOPORTE,SOPORTE,True,0.10350769606434757,raw_decision_margin_not_probability,Error leyendo disco local,"PC no lee unidad secundaria, sale error E/S. No es servidor ni carpeta LAN, es el disco de este puesto.",sup-disk,group-sup-disk,False,Falla el almacenamiento de una computadora de usuario; no es infraestructura ambiental ni un volumen compartido.
linear-svc-c1,ML-0021,SOPORTE,SOPORTE,True,-0.21314519314778876,raw_decision_margin_not_probability,El teclado escribe letras dobles,Al escribir en el equipo de prueba algunas teclas salen dos veces y otras no aparecen. Me pasa tanto en el editor como en la pantalla de acceso.,sup-keyboard,group-sup-keyboard,False,Se trata de un periférico general de una estación de trabajo.
linear-svc-c1,ML-0022,SOPORTE,REDES,False,0.11810331214159642,raw_decision_margin_not_probability,Teclado externo sin respuesta,El teclado USB no registra pulsaciones en varias aplicaciones. El puntero del mouse funciona y la estación responde; otro teclado de prueba sí permite escribir.,sup-keyboard,group-sup-keyboard,False,Se trata de un periférico general de una estación de trabajo.
linear-svc-c1,ML-0023,SOPORTE,REDES,False,0.36858326430824684,raw_decision_margin_not_probability,Teclas no responden,No funcionan las teclas de dirección del teclado del puesto.,sup-keyboard,group-sup-keyboard,False,Se trata de un periférico general de una estación de trabajo.
linear-svc-c1,ML-0024,SOPORTE,SOPORTE,True,-0.09721776616698269,raw_decision_margin_not_probability,Entrada de teclado intermitente en la estación,"En esta computadora varias teclas dejan de responder por momentos, incluso en un documento nuevo sin conexión a otros servicios. El mouse funciona y las ventanas siguen reaccionando. Al usar un teclado de prueba puedo escribir correctamente. Necesito revisar el periférico para recuperar el trabajo normal del puesto.",sup-keyboard,group-sup-keyboard,False,Se trata de un periférico general de una estación de trabajo.
linear-svc-c1,ML-0025,SOPORTE,SOPORTE,True,-0.3479229808703943,raw_decision_margin_not_probability,Teclado falla algunas teclas,"No escribe bien, duplica letras y Enter a veces no toma. Mouse ok, pasa en cualquier app.",sup-keyboard,group-sup-keyboard,False,Se trata de un periférico general de una estación de trabajo.
linear-svc-c1,ML-0026,SOPORTE,SOPORTE,True,-0.2911402814798335,raw_decision_margin_not_probability,La impresora de mi puesto atasca las hojas,La impresora conectada por USB jala dos hojas juntas y se queda atascada. También pasa cuando intento sacar su página de prueba desde el equipo.,sup-usb-printer,group-shared-print-path,True,La falla está en un periférico de impresión local; no se describe pérdida de conectividad IP.
linear-svc-c1,ML-0027,SOPORTE,SOPORTE,True,0.28543173090599855,raw_decision_margin_not_probability,Trabajo de impresión local no se procesa,"La cola del sistema operativo retiene documentos para la impresora USB. La página de prueba del panel del dispositivo sale, pero el trabajo local queda detenido.",sup-usb-printer,group-shared-print-path,True,La falla está en un periférico de impresión local; no se describe pérdida de conectividad IP.
linear-svc-c1,ML-0028,SOPORTE,SOPORTE,True,0.2757183005547556,raw_decision_margin_not_probability,Impresora USB imprime en blanco,La impresora local entrega hojas sin texto en la página de prueba.,sup-usb-printer,group-shared-print-path,True,La falla está en un periférico de impresión local; no se describe pérdida de conectividad IP.
linear-svc-c1,ML-0029,SOPORTE,SOPORTE,True,-0.059491113695149866,raw_decision_margin_not_probability,Impresión directa al puesto con salida incompleta,"La impresora de escritorio está conectada directamente por cable USB, sin compartirla con otros puestos. Los documentos y la prueba del panel salen con franjas y texto incompleto, aunque se muestra lista para imprimir. El problema se repite con archivos nuevos. Solicito revisar el periférico; no se usa una dirección de red para imprimir.",sup-usb-printer,group-shared-print-path,True,La falla está en un periférico de impresión local; no se describe pérdida de conectividad IP.
linear-svc-c1,ML-0030,SOPORTE,SOPORTE,True,-0.11902111599010196,raw_decision_margin_not_probability,Atasco en impresora local,Impresora USB traba papel incluso con prueba del panel. No es impresora LAN ni falla de Internet.,sup-usb-printer,group-shared-print-path,True,La falla está en un periférico de impresión local; no se describe pérdida de conectividad IP.
linear-svc-c1,ML-0031,SOPORTE,SOPORTE,True,0.04488266864706858,raw_decision_margin_not_probability,El escáner deja la imagen torcida,Quise digitalizar una hoja de prueba y la imagen sale inclinada con una franja oscura. La hoja está bien colocada y el problema se repite.,sup-scan,group-sup-scan,False,"Falla un escáner general o su aplicación local, no un dispositivo médico."
linear-svc-c1,ML-0032,SOPORTE,SOPORTE,True,0.04815733815307688,raw_decision_margin_not_probability,Aplicación de escaneo no detecta periférico,"El escáner USB aparece en el sistema, pero la aplicación de digitalización indica dispositivo no disponible. El problema ocurre antes de elegir carpeta de destino.",sup-scan,group-sup-scan,False,"Falla un escáner general o su aplicación local, no un dispositivo médico."
linear-svc-c1,ML-0033,SOPORTE,SOPORTE,True,0.44826746407340945,raw_decision_margin_not_probability,Escáner de escritorio no inicia,El escáner USB no reacciona al botón de digitalizar.,sup-scan,group-sup-scan,False,"Falla un escáner general o su aplicación local, no un dispositivo médico."
linear-svc-c1,ML-0034,SOPORTE,SOPORTE,True,0.3545537082788206,raw_decision_margin_not_probability,Digitalizador local no completa la captura de una hoja,"Al digitalizar una hoja vacía de prueba el escáner inicia el movimiento, se detiene a mitad y la aplicación muestra captura incompleta. Ocurre aun guardando la imagen en el escritorio local. No se están digitalizando documentos clínicos ni enviando archivos por red; solicito revisar este periférico de oficina.",sup-scan,group-sup-scan,False,"Falla un escáner general o su aplicación local, no un dispositivo médico."
linear-svc-c1,ML-0035,SOPORTE,SOPORTE,True,0.25048220074294913,raw_decision_margin_not_probability,Scanner no guarda captura,"Escaner USB inicia pero corta imagen a mitad. Destino es disco local, no compartido.",sup-scan,group-sup-scan,False,"Falla un escáner general o su aplicación local, no un dispositivo médico."
linear-svc-c1,ML-0036,SOPORTE,SOPORTE,True,-0.09491031205326922,raw_decision_margin_not_probability,No se instala el visor de documentos,"Tengo el instalador en la computadora, pero al abrirlo sale que faltan permisos y se cierra. El archivo ya está descargado; no falla la descarga.",sup-install,group-sup-install,False,"La instalación de un programa local falla; los paquetes ya están disponibles, sin fallo de transporte de red."
linear-svc-c1,ML-0037,SOPORTE,SOPORTE,True,0.19106528493040503,raw_decision_margin_not_probability,Instalador local informa componente incompatible,El paquete de una utilidad de escritorio se detiene por versión incompatible del componente requerido. La ejecución se realiza desde disco local y muestra el error en todos los intentos.,sup-install,group-sup-install,False,"La instalación de un programa local falla; los paquetes ya están disponibles, sin fallo de transporte de red."
linear-svc-c1,ML-0038,SOPORTE,SOPORTE,True,-0.3589241624438265,raw_decision_margin_not_probability,Instalación de programa detenida,El instalador local dice permisos insuficientes y no continúa.,sup-install,group-sup-install,False,"La instalación de un programa local falla; los paquetes ya están disponibles, sin fallo de transporte de red."
linear-svc-c1,ML-0039,SOPORTE,SOPORTE,True,0.13437812068051658,raw_decision_margin_not_probability,Utilidad de escritorio no termina su instalación,"En el puesto de prueba necesitamos instalar una utilidad para visualizar documentos de demostración. El archivo del instalador ya está disponible en la unidad local. Al ejecutarlo aparece una advertencia de permisos y se cancela antes de copiar componentes. Solicito la revisión por personal autorizado, sin desactivar controles ni compartir credenciales.",sup-install,group-sup-install,False,"La instalación de un programa local falla; los paquetes ya están disponibles, sin fallo de transporte de red."
linear-svc-c1,ML-0040,SOPORTE,SOPORTE,True,0.12034798064553054,raw_decision_margin_not_probability,Setup de app no termina,"Paquete local se para al instalar: falta componente. Archivo descargado completo, no es conexión.",sup-install,group-sup-install,False,"La instalación de un programa local falla; los paquetes ya están disponibles, sin fallo de transporte de red."
linear-svc-c1,ML-0041,SOPORTE,SOPORTE,True,-0.08861740039263466,raw_decision_margin_not_probability,La página abre solo en otro navegador,En mi navegador habitual la página de prueba queda en blanco. Si uso otro navegador en esta misma PC abre de inmediato y puedo trabajar.,sup-browser,group-sup-browser,True,"El error está acotado al perfil o configuración de un navegador, con acceso comprobado desde otro navegador."
linear-svc-c1,ML-0042,SOPORTE,SOPORTE,True,-0.26353985554609327,raw_decision_margin_not_probability,Perfil del navegador impide carga del portal,El portal de prueba presenta un error de almacenamiento local en un perfil específico. Con un perfil nuevo en la misma estación la carga es correcta y no se observan fallos de enlace.,sup-browser,group-sup-browser,True,"El error está acotado al perfil o configuración de un navegador, con acceso comprobado desde otro navegador."
linear-svc-c1,ML-0043,SOPORTE,SOPORTE,True,-0.1280345935458837,raw_decision_margin_not_probability,Navegador habitual queda en blanco,La página sí carga en otro navegador del mismo equipo.,sup-browser,group-sup-browser,True,"El error está acotado al perfil o configuración de un navegador, con acceso comprobado desde otro navegador."
linear-svc-c1,ML-0044,SOPORTE,REDES,False,-0.11594170140309468,raw_decision_margin_not_probability,Un perfil del navegador no permite abrir el formulario,"El formulario de demostración no se muestra en el navegador que uso normalmente y aparece un aviso sobre datos del sitio. Probé la misma página en otro navegador del mismo puesto y funcionó, sin cambiar la conexión. Otros sitios también abren. Necesito revisar la configuración del perfil para recuperar esa aplicación de usuario.",sup-browser,group-sup-browser,True,"El error está acotado al perfil o configuración de un navegador, con acceso comprobado desde otro navegador."
linear-svc-c1,ML-0045,SOPORTE,SOPORTE,True,-0.024342971766209087,raw_decision_margin_not_probability,Portal carga en otro browser,"En navegador usual pantalla blanca; en otro del mismo PC entra bien. Conexión ok, parece perfil.",sup-browser,group-sup-browser,True,"El error está acotado al perfil o configuración de un navegador, con acceso comprobado desde otro navegador."
linear-svc-c1,ML-0046,SOPORTE,SOPORTE,True,-0.05338069897779535,raw_decision_margin_not_probability,La pantalla de la computadora parpadea,El monitor de escritorio parpadea y cambia de color aunque el equipo sigue trabajando. Otro monitor de prueba en el mismo puesto se ve normal.,sup-display,group-sup-display,True,"La avería afecta la visualización de una estación general, no un monitor clínico ni energía del ambiente."
linear-svc-c1,ML-0047,SOPORTE,SOPORTE,True,-0.0752954439233659,raw_decision_margin_not_probability,Resolución de pantalla no conserva ajuste,El sistema operativo vuelve a una resolución baja en cada inicio. La pantalla recibe señal y otros periféricos funcionan; se solicita revisión del controlador de video.,sup-display,group-sup-display,True,"La avería afecta la visualización de una estación general, no un monitor clínico ni energía del ambiente."
linear-svc-c1,ML-0048,SOPORTE,SOPORTE,True,0.3653832189584946,raw_decision_margin_not_probability,Imagen del escritorio cortada,El monitor de la PC corta parte de las ventanas al mostrar el escritorio.,sup-display,group-sup-display,True,"La avería afecta la visualización de una estación general, no un monitor clínico ni energía del ambiente."
linear-svc-c1,ML-0049,SOPORTE,SOPORTE,True,-0.1789464248383318,raw_decision_margin_not_probability,Pantalla del puesto muestra imagen con bandas,El monitor de una estación administrativa muestra líneas horizontales desde que aparece el escritorio. La computadora sigue respondiendo y con una pantalla de prueba la imagen se ve correcta. No es un monitor de signos vitales y no hay pérdida de energía en el ambiente. Solicito revisar la pantalla del puesto sin afectar los demás equipos.,sup-display,group-sup-display,True,"La avería afecta la visualización de una estación general, no un monitor clínico ni energía del ambiente."
linear-svc-c1,ML-0050,SOPORTE,SOPORTE,True,0.07816593042863818,raw_decision_margin_not_probability,Display PC se ve mal,"Monitor de escritorio con franjas, equipo no se apaga. Otra pantalla en el puesto se ve bien.",sup-display,group-sup-display,True,"La avería afecta la visualización de una estación general, no un monitor clínico ni energía del ambiente."
linear-svc-c1,ML-0051,REDES,REDES,True,-0.08871200420542635,raw_decision_margin_not_probability,No aparece la red inalámbrica de prueba,Ni mi portátil ni el equipo de préstamo encuentran la red Wi-Fi del ambiente. Las otras redes cercanas sí aparecen y el puesto conectado por cable tiene acceso.,net-wifi,group-net-wifi,False,La evidencia identifica pérdida o ausencia de la red inalámbrica en varios dispositivos.
linear-svc-c1,ML-0052,REDES,REDES,True,0.0947281199358011,raw_decision_margin_not_probability,Punto de acceso deja de anunciar SSID,Varios clientes no detectan el nombre de la WLAN de demostración. Los clientes cableados mantienen conexión al mismo servicio y el punto de acceso conserva alimentación.,net-wifi,group-net-wifi,False,La evidencia identifica pérdida o ausencia de la red inalámbrica en varios dispositivos.
linear-svc-c1,ML-0053,REDES,REDES,True,0.18751937125059848,raw_decision_margin_not_probability,Wifi desapareció del ambiente,Dos portátiles no ven la red de prueba. Por cable sí hay conexión.,net-wifi,group-net-wifi,False,La evidencia identifica pérdida o ausencia de la red inalámbrica en varios dispositivos.
linear-svc-c1,ML-0054,REDES,REDES,True,-0.14413378324359583,raw_decision_margin_not_probability,Conexión inalámbrica ausente en los equipos del ambiente,"Esta mañana los portátiles de prueba dejaron de mostrar el nombre de la red inalámbrica que usamos. Los dispositivos reconocen otras redes cercanas, pero no la configurada para la demostración. La computadora conectada por cable puede abrir los servicios habituales. No se trata de una cuenta de aplicación; necesitamos revisar la cobertura o el punto de acceso.",net-wifi,group-net-wifi,False,La evidencia identifica pérdida o ausencia de la red inalámbrica en varios dispositivos.
linear-svc-c1,ML-0055,REDES,REDES,True,-0.19089050030248073,raw_decision_margin_not_probability,Sin señal wifi de la demo,WLAN no figura en lista de varias laptops. LAN cableada funciona y AP tiene luz de encendido.,net-wifi,group-net-wifi,False,La evidencia identifica pérdida o ausencia de la red inalámbrica en varios dispositivos.
linear-svc-c1,ML-0061,REDES,REDES,True,0.11304915791595715,raw_decision_margin_not_probability,La conexión se corta al mover el cable de datos,Si el cable de red queda quieto la computadora conecta; al moverlo pierde enlace. Con un cable de prueba la conexión se mantiene sin cortes.,net-data-cable,group-net-data-cable,True,La falla es continuidad del cable de comunicaciones; no es suministro eléctrico ni hardware local.
linear-svc-c1,ML-0062,REDES,SOPORTE,False,-0.1564802310744812,raw_decision_margin_not_probability,Tramo de datos con continuidad intermitente,La comprobación del cableado muestra pérdida de continuidad en el tramo que une el puesto al panel. La estación y el puerto funcionan con un tramo de prueba.,net-data-cable,group-net-data-cable,True,La falla es continuidad del cable de comunicaciones; no es suministro eléctrico ni hardware local.
linear-svc-c1,ML-0063,REDES,REDES,True,0.1649463729389875,raw_decision_margin_not_probability,Cable de red no establece enlace,Con otro cable el mismo puesto conecta sin problema.,net-data-cable,group-net-data-cable,True,La falla es continuidad del cable de comunicaciones; no es suministro eléctrico ni hardware local.
linear-svc-c1,ML-0064,REDES,INFRAESTRUCTURA,False,-0.2752271315678868,raw_decision_margin_not_probability,Enlace de datos inestable por cable del puesto,"En el puesto de demostración se pierde la conexión cuando el cable de datos cambia de posición. La tarjeta del equipo y el puerto responden normalmente al utilizar un cable de prueba. El inconveniente vuelve al colocar el cable original. La estación permanece encendida todo el tiempo; se requiere revisar el tramo de comunicaciones, no la alimentación eléctrica.",net-data-cable,group-net-data-cable,True,La falla es continuidad del cable de comunicaciones; no es suministro eléctrico ni hardware local.
linear-svc-c1,ML-0065,REDES,SOPORTE,False,-0.38552089371974546,raw_decision_margin_not_probability,Patch cord con falso contacto,"LAN sube y baja con cable original; cable prueba estable. PC y puerto ok, falla tramo de datos.",net-data-cable,group-net-data-cable,True,La falla es continuidad del cable de comunicaciones; no es suministro eléctrico ni hardware local.
linear-svc-c1,ML-0066,REDES,REDES,True,0.06433180950812867,raw_decision_margin_not_probability,Las páginas por nombre no abren,"El servicio de prueba responde si se usa su dirección, pero al escribir su nombre no lo encuentra. Ocurre en varias computadoras y no solo en mi navegador.",net-dns,group-net-dns,False,"Hay alcance por dirección pero falla la resolución de nombres, lo que identifica un servicio de red."
linear-svc-c1,ML-0067,REDES,REDES,True,0.5429836075913025,raw_decision_margin_not_probability,Resolución DNS sin respuesta,"Las estaciones mantienen conectividad por dirección y reciben respuesta del destino, pero las consultas de nombres al servicio DNS configurado expiran.",net-dns,group-net-dns,False,"Hay alcance por dirección pero falla la resolución de nombres, lo que identifica un servicio de red."
linear-svc-c1,ML-0068,REDES,REDES,True,0.22271406923313353,raw_decision_margin_not_probability,Nombres de servicios no resuelven,Por dirección el destino responde; por nombre no se encuentra.,net-dns,group-net-dns,False,"Hay alcance por dirección pero falla la resolución de nombres, lo que identifica un servicio de red."
linear-svc-c1,ML-0069,REDES,REDES,True,0.35083110276401164,raw_decision_margin_not_probability,Servicios accesibles por dirección pero no por nombre,En varios puestos el navegador informa que no encuentra el nombre del servicio de prueba. La prueba de conexión al destino por dirección sí responde. Reiniciar el navegador no cambia el comportamiento y ocurre también desde otra aplicación que utiliza el mismo nombre. La evidencia apunta a la resolución de nombres; necesitamos revisar ese servicio de comunicaciones.,net-dns,group-net-dns,False,"Hay alcance por dirección pero falla la resolución de nombres, lo que identifica un servicio de red."
linear-svc-c1,ML-0070,REDES,REDES,True,0.33703041827273494,raw_decision_margin_not_probability,DNS no responde consultas,"Hay alcance IP a destinos, pero resolver nombre da timeout en varios equipos. No es solo un browser.",net-dns,group-net-dns,False,"Hay alcance por dirección pero falla la resolución de nombres, lo que identifica un servicio de red."
linear-svc-c1,ML-0071,REDES,REDES,True,0.519742285395178,raw_decision_margin_not_probability,Los equipos conectan al cable pero no reciben dirección,"Las luces de enlace están encendidas, pero varios puestos muestran que no tienen configuración de red. El aviso aparece al pedir una dirección automática.",net-dhcp,group-net-dhcp,False,Los puestos no reciben configuración de direccionamiento del servicio DHCP.
linear-svc-c1,ML-0072,REDES,REDES,True,-0.17761340385148167,raw_decision_margin_not_probability,DHCP no entrega concesiones,Clientes del segmento mantienen enlace físico y no reciben concesión al renovar la configuración automática. El problema afecta estaciones nuevas y previamente conectadas.,net-dhcp,group-net-dhcp,False,Los puestos no reciben configuración de direccionamiento del servicio DHCP.
linear-svc-c1,ML-0073,REDES,REDES,True,0.19922237891011874,raw_decision_margin_not_probability,Sin dirección automática,Varios equipos no reciben IP aunque hay luz de enlace.,net-dhcp,group-net-dhcp,False,Los puestos no reciben configuración de direccionamiento del servicio DHCP.
linear-svc-c1,ML-0074,REDES,REDES,True,0.589784033963653,raw_decision_margin_not_probability,Puestos sin configuración de red al iniciar,"Al iniciar las estaciones de prueba aparece un aviso de conectividad limitada. El cable establece enlace, pero al renovar la dirección automática no llega respuesta del servicio de configuración. La situación se repite en varias computadoras del mismo segmento. No se muestran errores de credenciales ni de aplicaciones; pedimos revisar la entrega de direcciones.",net-dhcp,group-net-dhcp,False,Los puestos no reciben configuración de direccionamiento del servicio DHCP.
linear-svc-c1,ML-0075,REDES,REDES,True,0.07970670861400209,raw_decision_margin_not_probability,DHCP sin lease,Clientes nuevos con link activo pero no obtienen IP al renovar. Afecta a varios PCs del segmento.,net-dhcp,group-net-dhcp,False,Los puestos no reciben configuración de direccionamiento del servicio DHCP.
linear-svc-c1,ML-0076,REDES,REDES,True,0.24375295176303602,raw_decision_margin_not_probability,Un grupo de puestos no llega al servicio compartido,"Los equipos del segmento de prueba tienen Internet, pero no llegan al servicio interno. Desde el otro segmento ese mismo servicio responde normalmente.",net-vlan,group-net-vlan,False,"El acceso está limitado por segmentación o configuración de red, con otros destinos alcanzables."
linear-svc-c1,ML-0077,REDES,REDES,True,0.5466145927334946,raw_decision_margin_not_probability,Tráfico entre VLAN sin alcance,"El destino interno responde desde su propio segmento. Las estaciones de la VLAN de prueba no lo alcanzan, aunque conservan acceso al gateway y a destinos externos.",net-vlan,group-net-vlan,False,"El acceso está limitado por segmentación o configuración de red, con otros destinos alcanzables."
linear-svc-c1,ML-0078,REDES,REDES,True,0.23967847703615897,raw_decision_margin_not_probability,Segmento de prueba aislado,"El servicio responde en otra VLAN, pero no desde esta.",net-vlan,group-net-vlan,False,"El acceso está limitado por segmentación o configuración de red, con otros destinos alcanzables."
linear-svc-c1,ML-0079,REDES,REDES,True,0.2778254794839474,raw_decision_margin_not_probability,Acceso al destino interno falla según el segmento de origen,"La aplicación compartida se abre correctamente desde un grupo de estaciones, pero no desde los puestos del segmento de demostración. En estos últimos sí hay conexión al gateway y navegación externa. El destino permanece activo y no muestra error propio de aplicación. Solicito revisar el paso de comunicaciones entre segmentos, sin cambiar permisos de usuarios.",net-vlan,group-net-vlan,False,"El acceso está limitado por segmentación o configuración de red, con otros destinos alcanzables."
linear-svc-c1,ML-0080,REDES,REDES,True,0.47061618608102973,raw_decision_margin_not_probability,VLAN demo no llega a destino interno,Gateway e Internet ok. Desde otra VLAN sí hay alcance al mismo destino; revisar comunicación entre segmentos.,net-vlan,group-net-vlan,False,"El acceso está limitado por segmentación o configuración de red, con otros destinos alcanzables."
linear-svc-c1,ML-0081,REDES,REDES,True,0.05376543311104964,raw_decision_margin_not_probability,La sede de prueba quedó sin comunicación con la otra,"Las computadoras de la sede ficticia Alfa pueden hablar entre sí, pero no llegan a ningún servicio de la sede ficticia Beta. La conexión local sigue activa.",net-site-link,group-net-site-link,False,"La caída afecta comunicaciones entre dos sitios DEMO, no la función de una aplicación particular."
linear-svc-c1,ML-0082,REDES,REDES,True,0.13911471324461377,raw_decision_margin_not_probability,Enlace intersede sin alcance remoto,La LAN de cada sitio de demostración funciona internamente. Los destinos del sitio remoto dejaron de responder a pruebas de conectividad a través del enlace entre sedes.,net-site-link,group-net-site-link,False,"La caída afecta comunicaciones entre dos sitios DEMO, no la función de una aplicación particular."
linear-svc-c1,ML-0083,REDES,REDES,True,-0.07835891973091297,raw_decision_margin_not_probability,Enlace a sede DEMO caído,"Funciona la LAN local, pero ningún destino del otro sitio responde.",net-site-link,group-net-site-link,False,"La caída afecta comunicaciones entre dos sitios DEMO, no la función de una aplicación particular."
linear-svc-c1,ML-0084,REDES,REDES,True,-0.08113556907407399,raw_decision_margin_not_probability,Comunicación remota perdida entre dos sitios de demostración,"Los puestos del sitio ficticio Norte siguen compartiendo recursos dentro de su red local. Desde ellos ya no hay alcance a los destinos del sitio ficticio Sur, y el personal de prueba del otro lado reporta la misma falta de comunicación en sentido inverso. No es un fallo de un solo programa: varias pruebas de conexión remota no responden.",net-site-link,group-net-site-link,False,"La caída afecta comunicaciones entre dos sitios DEMO, no la función de una aplicación particular."
linear-svc-c1,ML-0085,REDES,REDES,True,0.3260872020517548,raw_decision_margin_not_probability,Sin enlace entre sitios demo,"LAN de ambos lados ok, no hay alcance remoto por enlace intersede. Nombres de sitios son ficticios.",net-site-link,group-net-site-link,False,"La caída afecta comunicaciones entre dos sitios DEMO, no la función de una aplicación particular."
linear-svc-c1,ML-0091,REDES,REDES,True,0.036124965813983057,raw_decision_margin_not_probability,Sale un aviso de dirección duplicada,La computadora pierde conexión por momentos y muestra que otro equipo está usando la misma dirección de red. El mensaje apareció cuando conectaron un puesto de prueba adicional.,net-ip-conflict,group-net-ip-conflict,False,Los avisos identifican direcciones duplicadas en un segmento de comunicaciones.
linear-svc-c1,ML-0092,REDES,REDES,True,0.4059565540371165,raw_decision_margin_not_probability,Conflicto de dirección en segmento LAN,Dos estaciones reportan direccionamiento duplicado y conectividad alternante al gateway. El enlace físico permanece activo en ambos dispositivos.,net-ip-conflict,group-net-ip-conflict,False,Los avisos identifican direcciones duplicadas en un segmento de comunicaciones.
linear-svc-c1,ML-0093,REDES,REDES,True,0.021387196162754696,raw_decision_margin_not_probability,Dirección IP en conflicto,El equipo indica dirección duplicada y pierde conexión.,net-ip-conflict,group-net-ip-conflict,False,Los avisos identifican direcciones duplicadas en un segmento de comunicaciones.
linear-svc-c1,ML-0094,REDES,REDES,True,0.6221655898834656,raw_decision_margin_not_probability,Conexión intermitente acompañada de aviso de duplicidad,"Desde que se incorporó una estación de prueba al segmento, dos puestos alternan períodos de conexión y pérdida de alcance al gateway. Ambos muestran un mensaje de dirección duplicada, mientras las luces de enlace se mantienen encendidas. El resto del segmento sigue funcionando. Solicitamos revisar la configuración de direccionamiento de esas estaciones.",net-ip-conflict,group-net-ip-conflict,False,Los avisos identifican direcciones duplicadas en un segmento de comunicaciones.
linear-svc-c1,ML-0095,REDES,REDES,True,0.3677234118562178,raw_decision_margin_not_probability,IP duplicada en LAN,"Dos PCs muestran conflicto de dirección, link estable pero alcance gateway intermitente. Revisar direccionamiento.",net-ip-conflict,group-net-ip-conflict,False,Los avisos identifican direcciones duplicadas en un segmento de comunicaciones.
linear-svc-c1,ML-0096,REDES,REDES,True,0.08450707089699916,raw_decision_margin_not_probability,La impresora compartida no aparece en la red,La página de prueba sale desde el panel de la impresora. Ninguna de las computadoras alcanza su dirección de red y todas muestran el equipo desconectado.,net-shared-printer,group-shared-print-path,True,La impresora realiza pruebas locales pero no es alcanzable por red desde los puestos.
linear-svc-c1,ML-0097,REDES,REDES,True,-0.044998323005073004,raw_decision_margin_not_probability,Impresora de red sin respuesta IP,El motor de impresión completa la autoprueba local. Varias estaciones no obtienen respuesta al probar conectividad con su interfaz de red.,net-shared-printer,group-shared-print-path,True,La impresora realiza pruebas locales pero no es alcanzable por red desde los puestos.
linear-svc-c1,ML-0098,REDES,REDES,True,-0.09406328946340903,raw_decision_margin_not_probability,"Impresora imprime local, LAN no","La prueba del panel sale, pero su dirección no responde a ningún puesto.",net-shared-printer,group-shared-print-path,True,La impresora realiza pruebas locales pero no es alcanzable por red desde los puestos.
linear-svc-c1,ML-0099,REDES,REDES,True,-0.00907293178113977,raw_decision_margin_not_probability,Dispositivo de impresión funciona localmente pero no comunica,"Intentamos imprimir desde varios puestos y todos indican que la impresora compartida no está disponible. En su panel se puede generar una página de prueba completa, por lo que la impresión local funciona. Las pruebas de conexión a su dirección tampoco reciben respuesta. Pedimos revisar su conexión de datos, no un atasco ni una aplicación de oficina.",net-shared-printer,group-shared-print-path,True,La impresora realiza pruebas locales pero no es alcanzable por red desde los puestos.
linear-svc-c1,ML-0100,REDES,REDES,True,0.31538803459454434,raw_decision_margin_not_probability,Printer LAN no responde,"Autoprueba del panel ok, sin alcance IP desde varios PCs. Problema de conexión compartida, no USB.",net-shared-printer,group-shared-print-path,True,La impresora realiza pruebas locales pero no es alcanzable por red desde los puestos.
linear-svc-c1,ML-0101,INFRAESTRUCTURA,INFRAESTRUCTURA,True,-0.21150744745110756,raw_decision_margin_not_probability,La UPS no mantiene encendidos los equipos,Durante una interrupción de energía de prueba la UPS se apagó de inmediato y el puesto perdió alimentación. Con energía de la toma los equipos funcionan.,inf-ups,group-power-autonomy,True,"El problema es continuidad del suministro eléctrico del respaldo, aunque afecte equipos de comunicaciones."
linear-svc-c1,ML-0102,INFRAESTRUCTURA,BIOMEDICO,False,-0.2916953902161743,raw_decision_margin_not_probability,UPS sin autonomía durante comprobación programada,"El respaldo indica carga de batería, pero no sostiene su carga conectada durante la comprobación autorizada de autonomía. El fallo afecta alimentación, no enlace de datos.",inf-ups,group-power-autonomy,True,"El problema es continuidad del suministro eléctrico del respaldo, aunque afecte equipos de comunicaciones."
linear-svc-c1,ML-0103,INFRAESTRUCTURA,INFRAESTRUCTURA,True,0.18991577047956376,raw_decision_margin_not_probability,Respaldo eléctrico se apaga,La UPS no sostiene el puesto cuando falta suministro de la toma.,inf-ups,group-power-autonomy,True,"El problema es continuidad del suministro eléctrico del respaldo, aunque afecte equipos de comunicaciones."
linear-svc-c1,ML-0104,INFRAESTRUCTURA,INFRAESTRUCTURA,True,0.19876465541692323,raw_decision_margin_not_probability,Equipos sin respaldo al faltar alimentación principal,"En una comprobación programada por personal autorizado, el respaldo eléctrico del ambiente de prueba no mantuvo los equipos encendidos al interrumpirse el suministro principal. Con la toma alimentada funcionan normalmente. El reporte se centra en la autonomía de la UPS; no se solicitan cambios en configuración de red ni instrucciones para intervenir sus baterías.",inf-ups,group-power-autonomy,True,"El problema es continuidad del suministro eléctrico del respaldo, aunque afecte equipos de comunicaciones."
linear-svc-c1,ML-0105,INFRAESTRUCTURA,INFRAESTRUCTURA,True,0.19867466624743368,raw_decision_margin_not_probability,UPS sin autonomia,"Ante corte de prueba se apaga el respaldo y la carga. Con toma energizada funciona, revisar suministro de respaldo.",inf-ups,group-power-autonomy,True,"El problema es continuidad del suministro eléctrico del respaldo, aunque afecte equipos de comunicaciones."
linear-svc-c1,ML-0106,INFRAESTRUCTURA,INFRAESTRUCTURA,True,0.5018686251744919,raw_decision_margin_not_probability,El respaldo de energía del ambiente no entra,En la prueba programada el suministro auxiliar no entró y la sala técnica quedó sin energía de respaldo. No se reporta falla de un programa ni de una sola computadora.,inf-generator,group-inf-generator,False,"Falla la disponibilidad del suministro de respaldo del ambiente técnico, no un equipo de usuario."
linear-svc-c1,ML-0107,INFRAESTRUCTURA,INFRAESTRUCTURA,True,0.015098815316504255,raw_decision_margin_not_probability,Transferencia a alimentación auxiliar no completa,El tablero de respaldo muestra fallo de transferencia durante una prueba autorizada. No llega alimentación auxiliar al circuito de equipos técnicos.,inf-generator,group-inf-generator,False,"Falla la disponibilidad del suministro de respaldo del ambiente técnico, no un equipo de usuario."
linear-svc-c1,ML-0108,INFRAESTRUCTURA,INFRAESTRUCTURA,True,0.30986307247395717,raw_decision_margin_not_probability,Energía auxiliar no disponible,La prueba de transferencia del ambiente no entrega suministro de respaldo.,inf-generator,group-inf-generator,False,"Falla la disponibilidad del suministro de respaldo del ambiente técnico, no un equipo de usuario."
linear-svc-c1,ML-0109,INFRAESTRUCTURA,INFRAESTRUCTURA,True,0.5431467065360376,raw_decision_margin_not_probability,Ambiente técnico no recibe energía del sistema auxiliar,"Durante la comprobación programada del respaldo del ambiente ficticio, el indicador de transferencia quedó en fallo y no se habilitó la alimentación auxiliar. El suministro principal vuelve a alimentar los equipos al terminar la prueba, pero falta el respaldo previsto. Solicito revisión por personal competente sin realizar intervenciones eléctricas desde el puesto.",inf-generator,group-inf-generator,False,"Falla la disponibilidad del suministro de respaldo del ambiente técnico, no un equipo de usuario."
linear-svc-c1,ML-0110,INFRAESTRUCTURA,INFRAESTRUCTURA,True,-0.02331275682576034,raw_decision_margin_not_probability,Falla transferencia de respaldo,"Tablero marca error en prueba autorizada, no alimenta circuito auxiliar de sala técnica.",inf-generator,group-inf-generator,False,"Falla la disponibilidad del suministro de respaldo del ambiente técnico, no un equipo de usuario."
linear-svc-c1,ML-0116,INFRAESTRUCTURA,INFRAESTRUCTURA,True,-0.07194959005787943,raw_decision_margin_not_probability,La toma del puesto está floja,El tomacorriente del ambiente de prueba se mueve dentro de su soporte y el puesto queda sin alimentación. Se dejó de usar ese punto y solicito revisión.,inf-outlet,group-inf-outlet,True,"Se reporta daño o falta de suministro en un punto eléctrico del ambiente, no avería interna de la estación."
linear-svc-c1,ML-0117,INFRAESTRUCTURA,INFRAESTRUCTURA,True,-0.0372253486119809,raw_decision_margin_not_probability,Punto de alimentación con soporte deteriorado,La toma de la bancada presenta fijación dañada. La incidencia corresponde a la instalación del ambiente; no se intentó abrir ni reparar el punto.,inf-outlet,group-inf-outlet,True,"Se reporta daño o falta de suministro en un punto eléctrico del ambiente, no avería interna de la estación."
linear-svc-c1,ML-0118,INFRAESTRUCTURA,INFRAESTRUCTURA,True,-0.24085912579657293,raw_decision_margin_not_probability,Tomacorriente del ambiente dañado,La toma está desprendida de su soporte y no se está utilizando.,inf-outlet,group-inf-outlet,True,"Se reporta daño o falta de suministro en un punto eléctrico del ambiente, no avería interna de la estación."
linear-svc-c1,ML-0119,INFRAESTRUCTURA,INFRAESTRUCTURA,True,-0.307185517872695,raw_decision_margin_not_probability,Punto eléctrico de la bancada requiere revisión,La toma de alimentación del puesto ficticio está suelta y no ofrece una conexión estable. Se dejó de utilizar al observar el problema. El reporte no corresponde a un conector de datos ni a la tarjeta de la computadora: se trata del punto eléctrico del ambiente. Solicitamos revisión por personal competente sin abrir el tomacorriente.,inf-outlet,group-inf-outlet,True,"Se reporta daño o falta de suministro en un punto eléctrico del ambiente, no avería interna de la estación."
linear-svc-c1,ML-0120,INFRAESTRUCTURA,BIOMEDICO,False,-0.34229505907337454,raw_decision_margin_not_probability,Toma electrica floja,"Punto de bancada con fijación rota, no se usa. No es puerto LAN ni falla interna del PC.",inf-outlet,group-inf-outlet,True,"Se reporta daño o falta de suministro en un punto eléctrico del ambiente, no avería interna de la estación."
linear-svc-c1,ML-0121,INFRAESTRUCTURA,INFRAESTRUCTURA,True,0.06917995270451727,raw_decision_margin_not_probability,La conexión de tierra del gabinete está suelta,En una revisión visual del gabinete de prueba se observó que la conexión de puesta a tierra está desprendida. Se solicita atención especializada sin manipular el conductor.,inf-ground,group-inf-ground,False,"Se observa deterioro de la conexión de protección física del gabinete, no un cable de comunicaciones."
linear-svc-c1,ML-0122,INFRAESTRUCTURA,INFRAESTRUCTURA,True,-0.03579261279583307,raw_decision_margin_not_probability,Conductor de protección de gabinete sin fijación,El punto de unión del conductor de puesta a tierra presenta fijación deteriorada. No se realizaron mediciones ni intervención eléctrica por parte del solicitante.,inf-ground,group-inf-ground,False,"Se observa deterioro de la conexión de protección física del gabinete, no un cable de comunicaciones."
linear-svc-c1,ML-0123,INFRAESTRUCTURA,INFRAESTRUCTURA,True,0.21941217144002523,raw_decision_margin_not_probability,Tierra del gabinete desprendida,La unión visible del conductor de protección está suelta.,inf-ground,group-inf-ground,False,"Se observa deterioro de la conexión de protección física del gabinete, no un cable de comunicaciones."
linear-svc-c1,ML-0124,INFRAESTRUCTURA,INFRAESTRUCTURA,True,0.3221433367425828,raw_decision_margin_not_probability,Conexión de protección deteriorada en gabinete técnico,"Durante una inspección visual autorizada del ambiente de demostración se observó un conductor de puesta a tierra sin fijación en el gabinete. No se trata de un cable de datos y no se tocaron conexiones energizadas. El reporte solicita evaluación de la instalación de protección por personal competente, sin afirmar un diagnóstico eléctrico basado solo en esa observación.",inf-ground,group-inf-ground,False,"Se observa deterioro de la conexión de protección física del gabinete, no un cable de comunicaciones."
linear-svc-c1,ML-0125,INFRAESTRUCTURA,INFRAESTRUCTURA,True,0.12147014640037868,raw_decision_margin_not_probability,Fijacion de tierra dañada,"Gabinete técnico con conductor de protección desprendido. Observación visual solamente, sin manipular.",inf-ground,group-inf-ground,False,"Se observa deterioro de la conexión de protección física del gabinete, no un cable de comunicaciones."
linear-svc-c1,ML-0131,INFRAESTRUCTURA,INFRAESTRUCTURA,True,0.3047185316422367,raw_decision_margin_not_probability,Apareció humedad junto al gabinete técnico,En la sala de prueba se observó goteo del techo cerca del gabinete. No se tocaron equipos ni cables; pido revisar la condición del ambiente.,inf-water,group-inf-water,False,"La incidencia es una condición ambiental del recinto de TI que requiere revisión, no diagnóstico de equipamiento."
linear-svc-c1,ML-0132,INFRAESTRUCTURA,INFRAESTRUCTURA,True,-0.28256308900216165,raw_decision_margin_not_probability,Filtración sobre área de infraestructura TI,Se registra presencia visible de agua en el recinto técnico próximo al alojamiento de equipos. El reporte solicita evaluación ambiental y no reparación de una aplicación.,inf-water,group-inf-water,False,"La incidencia es una condición ambiental del recinto de TI que requiere revisión, no diagnóstico de equipamiento."
linear-svc-c1,ML-0133,INFRAESTRUCTURA,INFRAESTRUCTURA,True,0.24859609847223596,raw_decision_margin_not_probability,Goteo en sala de equipos,Hay filtración visible cerca del gabinete de la sala técnica.,inf-water,group-inf-water,False,"La incidencia es una condición ambiental del recinto de TI que requiere revisión, no diagnóstico de equipamiento."
linear-svc-c1,ML-0134,INFRAESTRUCTURA,INFRAESTRUCTURA,True,0.05664650482022837,raw_decision_margin_not_probability,Condición ambiental anormal cerca del alojamiento de equipos,Al ingresar a la sala técnica de demostración se observó humedad reciente y goteo próximo al gabinete de equipos. No se manipularon dispositivos ni se intentó determinar el origen de la filtración. Se necesita revisión del ambiente y coordinación con personal competente antes de continuar actividades en ese sector; el reporte no describe una falla lógica de red.,inf-water,group-inf-water,False,"La incidencia es una condición ambiental del recinto de TI que requiere revisión, no diagnóstico de equipamiento."
linear-svc-c1,ML-0135,INFRAESTRUCTURA,INFRAESTRUCTURA,True,-0.02450711792035215,raw_decision_margin_not_probability,Humedad junto a rack,"Filtración en recinto TI, sin manipular equipos. Solicito revisar ambiente y origen del goteo.",inf-water,group-inf-water,False,"La incidencia es una condición ambiental del recinto de TI que requiere revisión, no diagnóstico de equipamiento."
linear-svc-c1,ML-0136,INFRAESTRUCTURA,INFRAESTRUCTURA,True,0.29522544717216415,raw_decision_margin_not_probability,El gabinete no sostiene bien una bandeja,La bandeja del rack de prueba se inclina porque uno de sus soportes está deformado. No hemos movido los equipos y se pide revisión del soporte físico.,inf-rack,group-inf-rack,False,"La falla está en el alojamiento físico del equipamiento, no en el servicio que ejecutan los equipos."
linear-svc-c1,ML-0137,INFRAESTRUCTURA,INFRAESTRUCTURA,True,0.05021625923661588,raw_decision_margin_not_probability,Anclaje de bandeja del rack deteriorado,La fijación mecánica de una bandeja presenta deformación visible. El reporte afecta alojamiento físico de equipos y no conectividad ni almacenamiento lógico.,inf-rack,group-inf-rack,False,"La falla está en el alojamiento físico del equipamiento, no en el servicio que ejecutan los equipos."
linear-svc-c1,ML-0138,INFRAESTRUCTURA,INFRAESTRUCTURA,True,-0.04226685497602489,raw_decision_margin_not_probability,Bandeja del rack inclinada,El soporte está deformado y no sostiene correctamente la bandeja.,inf-rack,group-inf-rack,False,"La falla está en el alojamiento físico del equipamiento, no en el servicio que ejecutan los equipos."
linear-svc-c1,ML-0139,INFRAESTRUCTURA,INFRAESTRUCTURA,True,0.5700834534767184,raw_decision_margin_not_probability,Soporte físico deteriorado dentro del gabinete técnico,Durante una revisión visual del gabinete de demostración se observó una bandeja inclinada y un punto de fijación deformado. Los equipos no se movieron ni se intentó ajustar el soporte. Solicitamos revisión de la estructura de alojamiento antes de cualquier reorganización del gabinete. No se reporta error de software ni pérdida de enlace de comunicaciones.,inf-rack,group-inf-rack,False,"La falla está en el alojamiento físico del equipamiento, no en el servicio que ejecutan los equipos."
linear-svc-c1,ML-0140,INFRAESTRUCTURA,INFRAESTRUCTURA,True,-0.12633705745890428,raw_decision_margin_not_probability,Anclaje rack doblado,"Bandeja pierde nivel por soporte deformado. Sin mover carga, revisar alojamiento físico.",inf-rack,group-inf-rack,False,"La falla está en el alojamiento físico del equipamiento, no en el servicio que ejecutan los equipos."
linear-svc-c1,ML-0141,INFRAESTRUCTURA,INFRAESTRUCTURA,True,0.236922724619689,raw_decision_margin_not_probability,Una fila de salidas del gabinete no tiene energía,"La unidad de distribución eléctrica del rack muestra alimentación de entrada, pero una fila de sus salidas está apagada. Los equipos de prueba de esa fila no reciben energía.",inf-pdu,group-inf-pdu,True,"El problema está en la distribución de energía del gabinete, no en puertos de datos de un switch."
linear-svc-c1,ML-0142,INFRAESTRUCTURA,INFRAESTRUCTURA,True,-0.2816919227509662,raw_decision_margin_not_probability,PDU de rack con salidas sin suministro,"El indicador de entrada de la unidad distribuidora permanece activo. Un banco de salidas no entrega alimentación a la carga de prueba, según la revisión autorizada.",inf-pdu,group-inf-pdu,True,"El problema está en la distribución de energía del gabinete, no en puertos de datos de un switch."
linear-svc-c1,ML-0143,INFRAESTRUCTURA,INFRAESTRUCTURA,True,0.13451899234725384,raw_decision_margin_not_probability,Distribuidor eléctrico sin salida,Un banco de la PDU no alimenta la carga del gabinete.,inf-pdu,group-inf-pdu,True,"El problema está en la distribución de energía del gabinete, no en puertos de datos de un switch."
linear-svc-c1,ML-0144,INFRAESTRUCTURA,INFRAESTRUCTURA,True,0.08086926612552747,raw_decision_margin_not_probability,Distribución de energía interrumpida dentro del rack de prueba,"El gabinete de demostración recibe alimentación de entrada y el indicador de la unidad distribuidora está encendido. Un banco de salidas no alimenta los equipos conectados según la comprobación del personal autorizado. No hablamos de los puertos de un switch ni de un cable de red, sino de la distribución eléctrica interna. Solicitamos revisión competente.",inf-pdu,group-inf-pdu,True,"El problema está en la distribución de energía del gabinete, no en puertos de datos de un switch."
linear-svc-c1,ML-0145,INFRAESTRUCTURA,BIOMEDICO,False,-0.17043318753706355,raw_decision_margin_not_probability,PDU banco sin energia,"Entrada con indicador activo, salidas de un banco sin suministro. No son puertos LAN.",inf-pdu,group-inf-pdu,True,"El problema está en la distribución de energía del gabinete, no en puertos de datos de un switch."
linear-svc-c1,ML-0146,INFRAESTRUCTURA,INFRAESTRUCTURA,True,0.16727423053999158,raw_decision_margin_not_probability,El gabinete tiene la salida de aire bloqueada,La rejilla del rack de prueba está obstruida por material almacenado y casi no circula aire. Se solicita revisar la disposición del gabinete.,inf-vent,group-inf-vent,False,La circulación de aire del alojamiento técnico está obstruida; no es el ventilador interno de una estación.
linear-svc-c1,ML-0147,INFRAESTRUCTURA,INFRAESTRUCTURA,True,0.2408569954839892,raw_decision_margin_not_probability,Ventilación del alojamiento técnico restringida,Las rejillas del gabinete están cubiertas y el flujo de aire del recinto de equipos resulta limitado. No se reporta una falla del ventilador interno de una computadora.,inf-vent,group-inf-vent,False,La circulación de aire del alojamiento técnico está obstruida; no es el ventilador interno de una estación.
linear-svc-c1,ML-0148,INFRAESTRUCTURA,INFRAESTRUCTURA,True,0.21428331860227845,raw_decision_margin_not_probability,Rejilla del rack obstruida,La salida de ventilación del gabinete está bloqueada.,inf-vent,group-inf-vent,False,La circulación de aire del alojamiento técnico está obstruida; no es el ventilador interno de una estación.
linear-svc-c1,ML-0149,INFRAESTRUCTURA,INFRAESTRUCTURA,True,0.35001966278045116,raw_decision_margin_not_probability,Circulación de aire insuficiente en el gabinete de equipos,Durante una revisión visual de la instalación de demostración se observó que las salidas de aire del gabinete están cubiertas por elementos almacenados junto a la estructura. El aire no circula adecuadamente alrededor del alojamiento. No se abrió ningún equipo ni se diagnosticó un ventilador interno; solicitamos revisar la ventilación física y la disposición del rack.,inf-vent,group-inf-vent,False,La circulación de aire del alojamiento técnico está obstruida; no es el ventilador interno de una estación.
linear-svc-c1,ML-0150,INFRAESTRUCTURA,INFRAESTRUCTURA,True,0.4414183042809373,raw_decision_margin_not_probability,Ventilacion rack tapada,"Rejillas de alojamiento obstruidas. Revisar circulación de aire del gabinete, no cooler del PC.",inf-vent,group-inf-vent,False,La circulación de aire del alojamiento técnico está obstruida; no es el ventilador interno de una estación.
linear-svc-c1,ML-0151,BIOMEDICO,SOPORTE,False,0.04903647776542025,raw_decision_margin_not_probability,El monitor de signos no reconoce el sensor,En la comprobación con simulador el monitor muestra sensor no conectado aunque el accesorio está colocado. La pantalla enciende; se solicita evaluación del equipo sin uso en personas.,bio-monitor,group-medical-acquisition,True,Falla un sensor específico de un monitor de signos; no se describe pantalla de una PC ni pérdida de LAN.
linear-svc-c1,ML-0152,BIOMEDICO,BIOMEDICO,True,-0.2746834487684321,raw_decision_margin_not_probability,Canal de sensor biomédico no detectado,El monitor de signos reporta accesorio ausente durante la autoprueba con simulador. Los otros indicadores del dispositivo están activos y el aviso corresponde al canal del sensor.,bio-monitor,group-medical-acquisition,True,Falla un sensor específico de un monitor de signos; no se describe pantalla de una PC ni pérdida de LAN.
linear-svc-c1,ML-0153,BIOMEDICO,SOPORTE,False,0.09700342327577438,raw_decision_margin_not_probability,Sensor del monitor no detectado,El monitor de signos no reconoce el accesorio durante la prueba en simulador.,bio-monitor,group-medical-acquisition,True,Falla un sensor específico de un monitor de signos; no se describe pantalla de una PC ni pérdida de LAN.
linear-svc-c1,ML-0154,BIOMEDICO,BIOMEDICO,True,-0.15136405101280792,raw_decision_margin_not_probability,Monitor de signos muestra aviso persistente sobre un accesorio,"Al realizar una comprobación técnica con simulador, el monitor biomédico indica que el sensor está ausente y no habilita ese canal. La pantalla se ve correctamente y otros indicadores del equipo están activos. El reporte se refiere a una función propia del dispositivo médico, sin datos de pacientes ni instrucciones de intervención; se requiere evaluación especializada.",bio-monitor,group-medical-acquisition,True,Falla un sensor específico de un monitor de signos; no se describe pantalla de una PC ni pérdida de LAN.
linear-svc-c1,ML-0155,BIOMEDICO,SOPORTE,False,-0.0637870524586504,raw_decision_margin_not_probability,Monitor vital no toma sensor,"Equipo en prueba con simulador marca accesorio ausente. Pantalla ok, revisar canal biomédico.",bio-monitor,group-medical-acquisition,True,Falla un sensor específico de un monitor de signos; no se describe pantalla de una PC ni pérdida de LAN.
linear-svc-c1,ML-0156,BIOMEDICO,BIOMEDICO,True,-0.06606146378015648,raw_decision_margin_not_probability,La bomba no supera su revisión de mecanismo,Durante una prueba de banco la bomba de infusión informa error de movimiento y no completa la comprobación. Está fuera de uso y no se han cambiado parámetros clínicos.,bio-infusion,group-bio-infusion,False,"La incidencia afecta el mecanismo o detección propios de una bomba biomédica, sin información clínica."
linear-svc-c1,ML-0157,BIOMEDICO,BIOMEDICO,True,-0.3332414712760666,raw_decision_margin_not_probability,Bomba de infusión con error de mecanismo,La autoprueba técnica detiene el accionamiento e informa fallo del mecanismo de arrastre. El reporte no involucra conectividad ni alimentación del ambiente.,bio-infusion,group-bio-infusion,False,"La incidencia afecta el mecanismo o detección propios de una bomba biomédica, sin información clínica."
linear-svc-c1,ML-0158,BIOMEDICO,BIOMEDICO,True,-0.18283139841583368,raw_decision_margin_not_probability,Bomba falla autoprueba mecánica,La bomba de infusión muestra error de arrastre en prueba de banco.,bio-infusion,group-bio-infusion,False,"La incidencia afecta el mecanismo o detección propios de una bomba biomédica, sin información clínica."
linear-svc-c1,ML-0159,BIOMEDICO,BIOMEDICO,True,0.23296924448253553,raw_decision_margin_not_probability,Bomba biomédica detenida durante comprobación técnica,"El equipo de infusión de demostración enciende, pero al iniciar su comprobación de banco muestra un aviso de fallo del mecanismo y detiene la secuencia. No está conectado a personas ni contiene una configuración clínica en el reporte. La incidencia corresponde al funcionamiento propio de la bomba; solicitamos evaluación especializada, sin intentar una reparación desde el portal.",bio-infusion,group-bio-infusion,False,"La incidencia afecta el mecanismo o detección propios de una bomba biomédica, sin información clínica."
linear-svc-c1,ML-0160,BIOMEDICO,BIOMEDICO,True,0.12081014223149744,raw_decision_margin_not_probability,Bomba infusora error arrastre,"En banco no pasa autoprueba del mecanismo. Equipo fuera de uso, revisar función biomédica.",bio-infusion,group-bio-infusion,False,"La incidencia afecta el mecanismo o detección propios de una bomba biomédica, sin información clínica."
linear-svc-c1,ML-0161,BIOMEDICO,REDES,False,-0.274588568376217,raw_decision_margin_not_probability,El electrocardiógrafo deja canales sin señal,"Con el simulador de banco el electrocardiógrafo marca varios canales desconectados. El equipo inicia, pero no completa la adquisición de prueba.",bio-ecg,group-medical-acquisition,False,Falla la detección de canales de adquisición del electrocardiógrafo durante prueba técnica.
linear-svc-c1,ML-0162,BIOMEDICO,BIOMEDICO,True,-0.14717437657526738,raw_decision_margin_not_probability,ECG no detecta entradas del cable de prueba,La comprobación del electrocardiógrafo con simulador informa canales ausentes y no genera el registro técnico esperado. No se adjuntan mediciones de personas.,bio-ecg,group-medical-acquisition,False,Falla la detección de canales de adquisición del electrocardiógrafo durante prueba técnica.
linear-svc-c1,ML-0163,BIOMEDICO,INFRAESTRUCTURA,False,-0.3118920236956557,raw_decision_margin_not_probability,ECG sin canales de prueba,El electrocardiógrafo marca entradas desconectadas con el simulador.,bio-ecg,group-medical-acquisition,False,Falla la detección de canales de adquisición del electrocardiógrafo durante prueba técnica.
linear-svc-c1,ML-0164,BIOMEDICO,BIOMEDICO,True,-0.30910353553631237,raw_decision_margin_not_probability,Adquisición de prueba incompleta en electrocardiógrafo,El electrocardiógrafo de demostración enciende y permite acceder al menú técnico. Durante la adquisición con simulador aparecen avisos de canales desconectados y el registro de prueba queda incompleto. No se está reportando una avería de impresión de oficina ni un fallo del navegador. Se requiere revisar el accesorio y la función de adquisición del dispositivo biomédico.,bio-ecg,group-medical-acquisition,False,Falla la detección de canales de adquisición del electrocardiógrafo durante prueba técnica.
linear-svc-c1,ML-0165,BIOMEDICO,BIOMEDICO,True,-0.2443642887380813,raw_decision_margin_not_probability,ECG canales ausentes,"En prueba de banco no reconoce entradas del accesorio. Simulador conectado, sin datos clínicos.",bio-ecg,group-medical-acquisition,False,Falla la detección de canales de adquisición del electrocardiógrafo durante prueba técnica.
linear-svc-c1,ML-0171,BIOMEDICO,BIOMEDICO,True,-0.06658849113886955,raw_decision_margin_not_probability,El pulsioxímetro se apaga con su batería,"El equipo de prueba enciende con su adaptador, pero se apaga al pasar a la batería interna. No se utiliza para medir personas y se solicita revisar el dispositivo.",bio-oximeter,group-power-autonomy,True,"La falla está en el circuito/acumulador interno de un dispositivo médico, no en la UPS o toma del ambiente."
linear-svc-c1,ML-0172,BIOMEDICO,BIOMEDICO,True,-0.40174913196088174,raw_decision_margin_not_probability,Pulsioxímetro no conserva carga interna,"El indicador del dispositivo muestra carga completa, pero su batería interna no sostiene la autoprueba. La toma y el adaptador de alimentación operan normalmente.",bio-oximeter,group-power-autonomy,True,"La falla está en el circuito/acumulador interno de un dispositivo médico, no en la UPS o toma del ambiente."
linear-svc-c1,ML-0173,BIOMEDICO,INFRAESTRUCTURA,False,-0.12964659682320684,raw_decision_margin_not_probability,Batería interna de pulsioxímetro falla,El equipo solo enciende con adaptador; la toma del ambiente funciona.,bio-oximeter,group-power-autonomy,True,"La falla está en el circuito/acumulador interno de un dispositivo médico, no en la UPS o toma del ambiente."
linear-svc-c1,ML-0174,BIOMEDICO,BIOMEDICO,True,-0.19433260485117215,raw_decision_margin_not_probability,Autonomía interna insuficiente en pulsioxímetro de prueba,"El pulsioxímetro usado para comprobación técnica se mantiene encendido con su adaptador, pero se apaga inmediatamente al utilizar su batería interna. La alimentación del ambiente es estable y no se reporta una UPS defectuosa. El problema pertenece al dispositivo médico y sus componentes internos, sin información clínica; necesitamos evaluación especializada antes de cualquier utilización.",bio-oximeter,group-power-autonomy,True,"La falla está en el circuito/acumulador interno de un dispositivo médico, no en la UPS o toma del ambiente."
linear-svc-c1,ML-0175,BIOMEDICO,INFRAESTRUCTURA,False,-0.256775547278774,raw_decision_margin_not_probability,Oximetro sin autonomia interna,"Con adaptador ok, con batería propia se apaga. Toma estable, no es UPS del ambiente.",bio-oximeter,group-power-autonomy,True,"La falla está en el circuito/acumulador interno de un dispositivo médico, no en la UPS o toma del ambiente."
linear-svc-c1,ML-0176,BIOMEDICO,BIOMEDICO,True,0.03943703139086979,raw_decision_margin_not_probability,El aspirador de prueba no genera succión,"En la comprobación de banco el motor del aspirador enciende, pero no genera la succión prevista para la prueba técnica. No está conectado a personas.",bio-suction,group-bio-suction,False,El problema corresponde a la función mecánica de un equipo biomédico durante prueba de banco.
linear-svc-c1,ML-0177,BIOMEDICO,BIOMEDICO,True,-0.009735931439111833,raw_decision_margin_not_probability,Aspirador biomédico sin respuesta funcional,"El dispositivo mantiene encendido y giro del motor, pero la comprobación técnica no obtiene respuesta del circuito de aspiración. Se solicita revisión especializada.",bio-suction,group-bio-suction,False,El problema corresponde a la función mecánica de un equipo biomédico durante prueba de banco.
linear-svc-c1,ML-0178,BIOMEDICO,BIOMEDICO,True,0.12085717396658319,raw_decision_margin_not_probability,Aspirador enciende pero no aspira,La prueba de banco del equipo no obtiene succión.,bio-suction,group-bio-suction,False,El problema corresponde a la función mecánica de un equipo biomédico durante prueba de banco.
linear-svc-c1,ML-0179,BIOMEDICO,BIOMEDICO,True,0.3334660070119752,raw_decision_margin_not_probability,Función de aspiración ausente en la comprobación técnica,"El aspirador biomédico de demostración se enciende y se escucha funcionar el motor. Sin embargo, durante una prueba técnica de banco no se obtiene la respuesta de aspiración esperada. No se usa en personas ni se describen maniobras clínicas. El reporte pide evaluar la función propia del equipo, sin intervenir el mecanismo desde el área solicitante.",bio-suction,group-bio-suction,False,El problema corresponde a la función mecánica de un equipo biomédico durante prueba de banco.
linear-svc-c1,ML-0180,BIOMEDICO,BIOMEDICO,True,0.11724856325401328,raw_decision_margin_not_probability,Aspirador sin succion en banco,"Motor prende, función de aspiración no responde en prueba. Equipo biomédico, sin uso clínico.",bio-suction,group-bio-suction,False,El problema corresponde a la función mecánica de un equipo biomédico durante prueba de banco.
linear-svc-c1,ML-0181,BIOMEDICO,BIOMEDICO,True,-0.014559130246561303,raw_decision_margin_not_probability,El esterilizador no inicia el ciclo de prueba,Con la cámara vacía el equipo informa puerta no detectada y no permite iniciar la comprobación. No hay materiales clínicos en la prueba.,bio-sterilizer,group-bio-sterilizer,False,"El control y detección propios del esterilizador fallan durante un ciclo técnico vacío, no la red del ambiente."
linear-svc-c1,ML-0182,BIOMEDICO,BIOMEDICO,True,-0.21203956546637448,raw_decision_margin_not_probability,Esterilizador con fallo de detección de cierre,"El controlador mantiene aviso de puerta abierta durante un ciclo técnico vacío, aunque se observa el cierre normal del dispositivo. No se ha intentado omitir el bloqueo.",bio-sterilizer,group-bio-sterilizer,False,"El control y detección propios del esterilizador fallan durante un ciclo técnico vacío, no la red del ambiente."
linear-svc-c1,ML-0183,BIOMEDICO,SOPORTE,False,-0.19309038984715748,raw_decision_margin_not_probability,Esterilizador no detecta cierre,En ciclo vacío aparece puerta abierta y no inicia la prueba.,bio-sterilizer,group-bio-sterilizer,False,"El control y detección propios del esterilizador fallan durante un ciclo técnico vacío, no la red del ambiente."
linear-svc-c1,ML-0184,BIOMEDICO,BIOMEDICO,True,0.11191911781581243,raw_decision_margin_not_probability,Comprobación vacía bloqueada por aviso del esterilizador,"Al preparar una comprobación técnica con la cámara vacía, el esterilizador de demostración muestra un aviso de puerta abierta y no inicia. El cierre se observa colocado, pero no se intentó anular ningún control. La solicitud corresponde al funcionamiento de este equipo biomédico; no incluye parámetros de procesamiento clínico ni materiales reales y requiere revisión especializada.",bio-sterilizer,group-bio-sterilizer,False,"El control y detección propios del esterilizador fallan durante un ciclo técnico vacío, no la red del ambiente."
linear-svc-c1,ML-0185,BIOMEDICO,BIOMEDICO,True,-0.16367172973605798,raw_decision_margin_not_probability,Esterilizador aviso puerta,"Ciclo técnico vacío bloqueado por detección de cierre. Sin forzar ni omitir control, revisar dispositivo.",bio-sterilizer,group-bio-sterilizer,False,"El control y detección propios del esterilizador fallan durante un ciclo técnico vacío, no la red del ambiente."
linear-svc-c1,ML-0191,BIOMEDICO,BIOMEDICO,True,-0.2834496678033093,raw_decision_margin_not_probability,El sensor del equipo no coincide con la referencia,Durante la verificación de banco del módulo de presión del equipo médico aparecen lecturas inestables frente al simulador. No son mediciones de personas.,bio-calibration,group-bio-calibration,False,El desajuste se observa en un sensor específico del dispositivo médico durante verificación técnica.
linear-svc-c1,ML-0192,BIOMEDICO,BIOMEDICO,True,-0.03253065012466072,raw_decision_margin_not_probability,Módulo de presión biomédico fuera de comprobación,El sensor presenta deriva en una verificación técnica con referencia de banco. Se solicita evaluación de calibración sin ajustar el equipo desde el puesto.,bio-calibration,group-bio-calibration,False,El desajuste se observa en un sensor específico del dispositivo médico durante verificación técnica.
linear-svc-c1,ML-0193,BIOMEDICO,INFRAESTRUCTURA,False,-0.21642837235802995,raw_decision_margin_not_probability,Sensor de presión requiere revisión,La verificación con referencia de banco da lectura inestable.,bio-calibration,group-bio-calibration,False,El desajuste se observa en un sensor específico del dispositivo médico durante verificación técnica.
linear-svc-c1,ML-0194,BIOMEDICO,BIOMEDICO,True,-0.11043160539099262,raw_decision_margin_not_probability,Lectura de sensor biomédico inestable durante verificación,"En una verificación técnica del módulo de presión del dispositivo de demostración, la lectura cambia de forma irregular frente a la referencia de banco. No se utilizan datos de personas ni se intentaron ajustes. El reporte se limita al sensor del equipo y pide revisión especializada de su comportamiento, sin concluir un resultado clínico ni indicar una calibración desde la aplicación.",bio-calibration,group-bio-calibration,False,El desajuste se observa en un sensor específico del dispositivo médico durante verificación técnica.
linear-svc-c1,ML-0195,BIOMEDICO,BIOMEDICO,True,-0.21015843728130656,raw_decision_margin_not_probability,Sensor presion deriva en banco,"Módulo biomédico no mantiene lectura frente a referencia. Sin ajustes, solicitar evaluación de calibración.",bio-calibration,group-bio-calibration,False,El desajuste se observa en un sensor específico del dispositivo médico durante verificación técnica.
linear-svc-c1,ML-0196,BIOMEDICO,SOPORTE,False,-0.07814246944440623,raw_decision_margin_not_probability,El equipo médico no carga su programa de control,La consola dedicada del dispositivo de prueba queda en la pantalla de inicio de su software de control. No se trata del programa de turnos ni de una computadora de oficina.,bio-device-software,group-bio-device-software,True,"El fallo está en el software de control del dispositivo biomédico, no en una aplicación administrativa general."
linear-svc-c1,ML-0197,BIOMEDICO,BIOMEDICO,True,-0.15137448134315257,raw_decision_margin_not_probability,Aplicación de control biomédico no inicia,El software dedicado del equipo médico informa fallo al cargar su módulo de adquisición. El sistema de la consola arranca y las funciones generales responden.,bio-device-software,group-bio-device-software,True,"El fallo está en el software de control del dispositivo biomédico, no en una aplicación administrativa general."
linear-svc-c1,ML-0198,BIOMEDICO,BIOMEDICO,True,-0.1140436040236501,raw_decision_margin_not_probability,Control del dispositivo no abre,El programa dedicado del equipo médico se detiene al iniciar.,bio-device-software,group-bio-device-software,True,"El fallo está en el software de control del dispositivo biomédico, no en una aplicación administrativa general."
linear-svc-c1,ML-0199,BIOMEDICO,SOPORTE,False,-0.13736917011616787,raw_decision_margin_not_probability,Software propio del dispositivo médico detenido en arranque,La consola del equipo biomédico de demostración inicia su sistema y permite abrir las herramientas generales. La aplicación dedicada que controla la adquisición se queda en su pantalla inicial y muestra un error de módulo. El fallo no afecta una aplicación administrativa de oficina ni corresponde a una caída de LAN. Se necesita revisión especializada del software vinculado al dispositivo.,bio-device-software,group-bio-device-software,True,"El fallo está en el software de control del dispositivo biomédico, no en una aplicación administrativa general."
linear-svc-c1,ML-0200,BIOMEDICO,SOPORTE,False,-0.3844054071276159,raw_decision_margin_not_probability,App dedicada biomédica no inicia,"Consola arranca, falla módulo de adquisición del equipo. No es software administrativo ni enlace LAN.",bio-device-software,group-bio-device-software,True,"El fallo está en el software de control del dispositivo biomédico, no en una aplicación administrativa general."
