record_id,titulo,descripcion,real,predicted,correct,score,score_kind,scenario_family_id,leakage_group_id,is_boundary_case,possible_reason_to_review
ML-0001,No puedo entrar a la aplicación de turnos,Desde esta mañana la aplicación de turnos rechaza mi cuenta. Puedo abrir el correo y las páginas de trabajo; el mensaje aparece después de escribir el usuario.,SOPORTE,SOPORTE,True,-0.0005191025317111686,raw_decision_margin_not_probability,sup-account,group-sup-account,True,Acierto; comprobar evidencia textual con guía
ML-0002,Sesión de aplicación bloqueada,"El cliente administrativo informa cuenta bloqueada antes de cargar el módulo. El navegador y otras aplicaciones responden. Solicito revisar el acceso, sin adjuntar claves.",SOPORTE,SOPORTE,True,-0.2758941406056903,raw_decision_margin_not_probability,sup-account,group-sup-account,True,Acierto; comprobar evidencia textual con guía
ML-0003,Cuenta de aplicativo rechazada,El aplicativo dice usuario bloqueado. Internet y correo funcionan.,SOPORTE,SOPORTE,True,-0.22218920619889376,raw_decision_margin_not_probability,sup-account,group-sup-account,True,Acierto; comprobar evidencia textual con guía
ML-0004,Acceso administrativo falla después de ingresar usuario,Al abrir la aplicación administrativa se muestra la pantalla de acceso normalmente. Tras escribir el usuario aparece un aviso de cuenta deshabilitada y no puedo avanzar. Otras personas pueden abrir la misma aplicación desde este puesto y mi correo funciona. Solicito revisar el permiso de acceso; no comparto contraseñas en el reporte.,SOPORTE,SOPORTE,True,0.15883412424028742,raw_decision_margin_not_probability,sup-account,group-sup-account,True,Acierto; comprobar evidencia textual con guía
ML-0005,Login del aplicativo no acepta la cuenta,"No entra mi usr al aplicativo, sale cuenta inactiva. En el mismo PC sí funcionan navegador y correo.",SOPORTE,SOPORTE,True,0.11401618884832837,raw_decision_margin_not_probability,sup-account,group-sup-account,True,Acierto; comprobar evidencia textual con guía
ML-0006,El editor de texto se cierra al guardar,Estoy preparando un documento de prueba y el programa se cierra cuando pulso Guardar. La computadora sigue encendida y los demás programas trabajan normal.,SOPORTE,SOPORTE,True,0.24078652425754526,raw_decision_margin_not_probability,sup-office,group-sup-office,False,Acierto; comprobar evidencia textual con guía
ML-0007,Fallo de aplicación al exportar documento,El editor genera un error interno al exportar un documento nuevo a PDF. Ocurre también con un archivo vacío guardado en disco local; no interviene una carpeta de red.,SOPORTE,SOPORTE,True,0.41521185809096733,raw_decision_margin_not_probability,sup-office,group-sup-office,False,Acierto; comprobar evidencia textual con guía
ML-0008,Hoja de cálculo no abre,"El programa de hojas de cálculo se cierra, incluso sin abrir archivos.",SOPORTE,SOPORTE,True,0.1695452826745638,raw_decision_margin_not_probability,sup-office,group-sup-office,False,Acierto; comprobar evidencia textual con guía
ML-0009,Programa de oficina queda detenido en la pantalla inicial,El editor de presentaciones se queda mostrando su pantalla inicial durante varios minutos y nunca llega a abrir un documento. Probé iniciar sin seleccionar ningún archivo y pasa igual. Las demás aplicaciones del puesto responden y puedo navegar. Necesito recuperar el uso del programa para una presentación de prueba.,SOPORTE,SOPORTE,True,0.1711358508105728,raw_decision_margin_not_probability,sup-office,group-sup-office,False,Acierto; comprobar evidencia textual con guía
ML-0010,No guarda doc local,Editor se sale al guardar doc nuevo en escritorio. No es carpeta compartida y el resto del equipo va bien.,SOPORTE,SOPORTE,True,0.771713349762809,raw_decision_margin_not_probability,sup-office,group-sup-office,False,Acierto; comprobar evidencia textual con guía
ML-0056,El puerto de conexión no reconoce la computadora,"El cable y la PC funcionan si los conecto a otro puerto. En el puerto asignado no enciende la luz de enlace, aunque el switch está prendido.",REDES,REDES,True,0.19195484416316977,raw_decision_margin_not_probability,net-switch-port,group-net-switch-port,True,Acierto; comprobar evidencia textual con guía
ML-0057,Puerto de switch sin negociación de enlace,Un puerto permanece sin enlace con estación y patch cord comprobados en otro puerto del mismo switch. El dispositivo de comunicaciones está encendido y los demás puertos operan.,REDES,REDES,True,0.05633993351618738,raw_decision_margin_not_probability,net-switch-port,group-net-switch-port,True,Acierto; comprobar evidencia textual con guía
ML-0058,Puerto LAN sin luz de enlace,El cable funciona en otro puerto; el switch conserva energía.,REDES,REDES,True,0.22519379991490618,raw_decision_margin_not_probability,net-switch-port,group-net-switch-port,True,Acierto; comprobar evidencia textual con guía
ML-0059,Conexión cableada falla solo en un puerto del switch,"El puesto de prueba perdió la conexión de datos. Se comprobó que el mismo cable y la misma computadora establecen enlace al conectarse a un puerto disponible del switch. En el puerto original no aparece luz de enlace, mientras los otros continúan operativos. La energía del switch es estable; solicito revisar ese puerto de comunicaciones.",REDES,REDES,True,0.35524040488001263,raw_decision_margin_not_probability,net-switch-port,group-net-switch-port,True,Acierto; comprobar evidencia textual con guía
ML-0060,Puerto switch no levanta link,"Mismo PC y patch cord levantan link en otro puerto. Puerto original sin LED, switch encendido.",REDES,REDES,True,-0.14401988470300453,raw_decision_margin_not_probability,net-switch-port,group-net-switch-port,True,Acierto; comprobar evidencia textual con guía
ML-0086,Ningún puesto puede salir a Internet,"Podemos usar las carpetas y servicios locales, pero no abre ninguna página externa en varias computadoras. También fallan las pruebas de conexión fuera de la red.",REDES,REDES,True,0.4135986698972367,raw_decision_margin_not_probability,net-internet,group-net-internet,False,Acierto; comprobar evidencia textual con guía
ML-0087,Gateway sin tránsito externo,"Los clientes alcanzan recursos internos y el gateway, pero las pruebas hacia distintos destinos externos no reciben respuesta. El fallo no depende de un navegador particular.",REDES,REDES,True,0.18088347475578648,raw_decision_margin_not_probability,net-internet,group-net-internet,False,Acierto; comprobar evidencia textual con guía
ML-0088,Sin salida externa,"Hay acceso local, pero varios equipos no llegan a destinos de Internet.",REDES,REDES,True,0.16914948644894834,raw_decision_margin_not_probability,net-internet,group-net-internet,False,Acierto; comprobar evidencia textual con guía
ML-0089,Conectividad interna activa y salida externa interrumpida,"En el ambiente de demostración funcionan los servicios locales y las estaciones pueden comunicarse entre sí. Sin embargo, distintos destinos de Internet dejan de responder tanto en el navegador como en pruebas de conexión. La situación es común a varios puestos. Se requiere revisar la salida de comunicaciones; no parece una avería aislada de aplicación.",REDES,REDES,True,0.1954808125516847,raw_decision_margin_not_probability,net-internet,group-net-internet,False,Acierto; comprobar evidencia textual con guía
ML-0090,"Internet down, LAN ok","Recursos internos responden. Varios PCs sin tráfico a distintos destinos externos, falla fuera del browser también.",REDES,REDES,True,0.027919607677328817,raw_decision_margin_not_probability,net-internet,group-net-internet,False,Acierto; comprobar evidencia textual con guía
ML-0111,Se corta la energía de una fila de puestos,Varios equipos de prueba se apagan juntos y el interruptor del circuito aparece disparado. Los puestos conectados a otro circuito permanecen encendidos.,INFRAESTRUCTURA,INFRAESTRUCTURA,True,-0.11547234732845324,raw_decision_margin_not_probability,inf-breaker,group-inf-breaker,False,Acierto; comprobar evidencia textual con guía
ML-0112,Protección de circuito de puestos disparada,El circuito que alimenta la bancada de prueba queda desenergizado por actuación de la protección. No se ha rearmado ni intervenido el tablero desde el puesto.,INFRAESTRUCTURA,INFRAESTRUCTURA,True,0.06974390923627088,raw_decision_margin_not_probability,inf-breaker,group-inf-breaker,False,Acierto; comprobar evidencia textual con guía
ML-0113,Circuito de puestos sin energía,El interruptor está disparado y varios equipos quedan sin alimentación.,INFRAESTRUCTURA,INFRAESTRUCTURA,True,0.1580991338947621,raw_decision_margin_not_probability,inf-breaker,group-inf-breaker,False,Acierto; comprobar evidencia textual con guía
ML-0114,Interrupción eléctrica común a la bancada de demostración,"Todos los equipos conectados al circuito de una bancada dejaron de recibir energía al mismo tiempo. El indicador de protección del circuito aparece disparado, mientras en otro circuito la alimentación continúa. No intentamos restablecer el tablero. Se solicita revisar la alimentación por personal autorizado antes de retomar el uso de ese ambiente técnico.",INFRAESTRUCTURA,INFRAESTRUCTURA,True,0.38583700538843885,raw_decision_margin_not_probability,inf-breaker,group-inf-breaker,False,Acierto; comprobar evidencia textual con guía
ML-0115,Salta proteccion del circuito,Varios PCs sin alimentación en misma bancada; otro circuito ok. No se tocó tablero.,INFRAESTRUCTURA,INFRAESTRUCTURA,True,-0.020479217764850954,raw_decision_margin_not_probability,inf-breaker,group-inf-breaker,False,Acierto; comprobar evidencia textual con guía
ML-0126,El aire de la sala técnica dejó de enfriar,"El equipo de aire acondicionado de la sala de prueba está encendido, pero sale aire caliente y la temperatura del ambiente sigue subiendo.",INFRAESTRUCTURA,INFRAESTRUCTURA,True,0.06325085774218614,raw_decision_margin_not_probability,inf-cooling,group-inf-cooling,True,Acierto; comprobar evidencia textual con guía
ML-0127,Climatización de sala técnica sin enfriamiento,La unidad de refrigeración mantiene ventilación pero no reduce la temperatura del recinto técnico. El problema afecta el ambiente donde están los equipos de TI.,INFRAESTRUCTURA,INFRAESTRUCTURA,True,0.10161494272499155,raw_decision_margin_not_probability,inf-cooling,group-inf-cooling,True,Acierto; comprobar evidencia textual con guía
ML-0128,Sala técnica sin refrigeración,"El aire acondicionado funciona como ventilador, pero no enfría.",INFRAESTRUCTURA,INFRAESTRUCTURA,True,-0.17193487720460693,raw_decision_margin_not_probability,inf-cooling,group-inf-cooling,True,Acierto; comprobar evidencia textual con guía
ML-0129,Climatización insuficiente en el recinto de equipos,En la sala técnica de demostración se percibe que el equipo de climatización mueve aire pero no enfría. El indicador ambiental muestra aumento sostenido de temperatura y el problema persiste aun sin cambios en la carga de trabajo de las estaciones. Solicitamos revisar la refrigeración del recinto; no es una avería de aplicación ni de un dispositivo médico.,INFRAESTRUCTURA,INFRAESTRUCTURA,True,-0.22343999830245614,raw_decision_margin_not_probability,inf-cooling,group-inf-cooling,True,Acierto; comprobar evidencia textual con guía
ML-0130,AC sala tecnica no enfria,"Ventila, pero ambiente se calienta. Revisar climatización de recinto TI, no software de equipos.",INFRAESTRUCTURA,INFRAESTRUCTURA,True,0.21919568547808704,raw_decision_margin_not_probability,inf-cooling,group-inf-cooling,True,Acierto; comprobar evidencia textual con guía
ML-0166,El desfibrilador no termina su autocomprobación,El dispositivo de demostración enciende y muestra fallo interno al ejecutar la revisión técnica. Se mantiene fuera de servicio y se solicita revisión especializada.,BIOMEDICO,BIOMEDICO,True,0.26966577247250423,raw_decision_margin_not_probability,bio-defib,group-bio-defib,False,Acierto; comprobar evidencia textual con guía
ML-0167,Autotest de desfibrilador con resultado de fallo,La secuencia interna de comprobación del equipo se detiene con un código de error del módulo. El reporte no contiene instrucciones de uso ni datos de atención.,BIOMEDICO,BIOMEDICO,True,0.19010923954721382,raw_decision_margin_not_probability,bio-defib,group-bio-defib,False,Acierto; comprobar evidencia textual con guía
ML-0168,Desfibrilador falla autotest,La autocomprobación muestra fallo interno y no finaliza.,BIOMEDICO,BIOMEDICO,True,-0.2961711062963822,raw_decision_margin_not_probability,bio-defib,group-bio-defib,False,Acierto; comprobar evidencia textual con guía
ML-0169,Autocomprobación técnica interrumpida en dispositivo biomédico,"El desfibrilador de prueba permite encender su pantalla, pero la secuencia de comprobación interna informa fallo y no llega al resultado esperado. El dispositivo no está en uso y no se intentó omitir el aviso. La incidencia requiere evaluación del equipo por personal biomédico, sin configurar terapias ni proporcionar instrucciones clínicas mediante este reporte.",BIOMEDICO,BIOMEDICO,True,0.6427494724726758,raw_decision_margin_not_probability,bio-defib,group-bio-defib,False,Acierto; comprobar evidencia textual con guía
ML-0170,Desfibrilador error autotest,"Enciende pero revisión interna termina en fallo. Fuera de uso, requiere evaluación del equipo.",BIOMEDICO,BIOMEDICO,True,0.39555323588609737,raw_decision_margin_not_probability,bio-defib,group-bio-defib,False,Acierto; comprobar evidencia textual con guía
ML-0186,El analizador no termina su arranque técnico,El equipo de laboratorio de demostración queda detenido en la comprobación del brazo y muestra error de posición. No hay muestras reales en el equipo.,BIOMEDICO,BIOMEDICO,True,-0.035482684918274776,raw_decision_margin_not_probability,bio-lab,group-bio-lab,False,Acierto; comprobar evidencia textual con guía
ML-0187,Analizador con fallo de posicionamiento,La secuencia de autoprueba informa posición no detectada del mecanismo de muestreo y cancela el inicio. La evaluación se hace sin muestras ni datos clínicos.,BIOMEDICO,BIOMEDICO,True,0.29050352888752917,raw_decision_margin_not_probability,bio-lab,group-bio-lab,False,Acierto; comprobar evidencia textual con guía
ML-0188,Analizador falla comprobación,El brazo no pasa la autoprueba de posición; no hay muestras.,BIOMEDICO,BIOMEDICO,True,-0.08396299946936991,raw_decision_margin_not_probability,bio-lab,group-bio-lab,False,Acierto; comprobar evidencia textual con guía
ML-0189,Mecanismo del analizador detiene la autoprueba de banco,"Al encender el analizador de laboratorio de demostración, la secuencia inicial llega a la verificación del mecanismo de posicionamiento y se interrumpe con aviso de posición no reconocida. El equipo está vacío y no procesa muestras de personas. Solicitamos evaluación técnica del dispositivo biomédico, sin introducir resultados clínicos ni instrucciones para modificar el mecanismo.",BIOMEDICO,BIOMEDICO,True,0.8423998117270844,raw_decision_margin_not_probability,bio-lab,group-bio-lab,False,Acierto; comprobar evidencia textual con guía
ML-0190,Analizador error posicion,"Autotest se corta en brazo de muestreo. Equipo vacío, sin muestras ni resultados reales.",BIOMEDICO,BIOMEDICO,True,-0.16356798687219404,raw_decision_margin_not_probability,bio-lab,group-bio-lab,False,Acierto; comprobar evidencia textual con guía
